{"stats":{"minecraft:picked_up":{"ecologics:walnut_log":5,"minecraft:leather":3,"quark:blossom_log":9,"minecraft:oak_log":6,"minecraft:dirt":9,"ecologics:walnut_sapling":1,"minecraft:wheat_seeds":2,"minecraft:beef":5,"minecraft:iron_block":1,"minecraft:baked_potato":7,"minecraft:coal":9,"minecraft:cobblestone":7},"minecraft:mined":{"minecraft:glass_pane":1,"quark:yellow_blossom_leaves":31,"minecraft:grass":7,"minecraft:coal_ore":9,"minecraft:grass_block":5,"minecraft:oak_log":6,"ecologics:walnut_leaves":4,"quark:blossom_log":9,"minecraft:dirt":4,"luminousworld:grassvariant_2":4,"ecologics:walnut_log":5,"minecraft:stone":7,"minecraft:iron_block":1},"minecraft:custom":{"minecraft:interact_with_smithing_table":1,"minecraft:time_since_rest":20767,"minecraft:interact_with_furnace":4,"minecraft:sprint_one_cm":52698,"minecraft:damage_taken":381,"minecraft:walk_one_cm":80816,"minecraft:mob_kills":5,"minecraft:damage_dealt":632,"minecraft:swim_one_cm":9514,"minecraft:talked_to_villager":1,"minecraft:interact_with_crafting_table":5,"minecraft:tune_noteblock":7,"minecraft:fly_one_cm":86331,"minecraft:open_barrel":1,"minecraft:open_chest":2,"minecraft:crouch_one_cm":384,"minecraft:play_time":20767,"tombstone:undead_killed":1,"minecraft:interact_with_campfire":7,"minecraft:sneak_time":189,"minecraft:walk_under_water_one_cm":1200,"minecraft:jump":400,"minecraft:walk_on_water_one_cm":1549,"minecraft:time_since_death":20767,"minecraft:climb_one_cm":3435,"minecraft:total_world_time":20767,"minecraft:fall_one_cm":12111},"minecraft:killed":{"minecraft:zombie":1,"ecologics:squirrel":1,"minecraft:cow":3},"minecraft:used":{"minecraft:oak_log":2,"minecraft:bread":2,"minecraft:stone_pickaxe":14,"minecraft:baked_potato":5,"minecraft:wooden_pickaxe":3,"minecraft:golden_leggings":1,"minecraft:golden_helmet":1,"minecraft:stone_axe":64,"minecraft:iron_chestplate":1},"minecraft:crafted":{"minecraft:oak_planks":12,"minecraft:iron_chestplate":1,"minecraft:crafting_table":1,"minecraft:stick":8,"minecraft:wooden_pickaxe":1,"minecraft:iron_ingot":9,"minecraft:stone_pickaxe":1,"minecraft:stone_axe":1}},"DataVersion":3465}