{"stats":{"minecraft:picked_up":{"minecraft:oak_log":2,"minecraft:baked_potato":7,"minecraft:dirt":9},"minecraft:mined":{"minecraft:oak_log":2,"minecraft:glass_pane":1,"minecraft:dirt":4,"minecraft:grass_block":5},"minecraft:custom":{"minecraft:open_barrel":1,"minecraft:time_since_rest":8767,"minecraft:open_chest":2,"minecraft:interact_with_campfire":7,"minecraft:damage_taken":261,"minecraft:crouch_one_cm":47,"minecraft:play_time":8767,"minecraft:interact_with_furnace":4,"minecraft:sprint_one_cm":16269,"tombstone:undead_killed":1,"minecraft:walk_one_cm":49891,"minecraft:sneak_time":57,"minecraft:mob_kills":1,"minecraft:jump":124,"minecraft:damage_dealt":232,"minecraft:time_since_death":8767,"minecraft:total_world_time":8767,"minecraft:climb_one_cm":3435,"minecraft:fall_one_cm":2923,"minecraft:tune_noteblock":7,"minecraft:fly_one_cm":16534},"minecraft:killed":{"minecraft:zombie":1},"minecraft:used":{"minecraft:oak_log":2,"minecraft:golden_helmet":1,"minecraft:bread":2,"minecraft:baked_potato":1,"minecraft:golden_leggings":1}},"DataVersion":3465}