{"stats":{"minecraft:picked_up":{"minecraft:crafting_table":1,"ecologics:walnut_log":5,"minecraft:leather":3,"quark:blossom_log":9,"minecraft:oak_log":6,"minecraft:dirt":11,"ecologics:walnut_sapling":1,"minecraft:wheat_seeds":2,"minecraft:beef":5,"minecraft:iron_block":1,"minecraft:baked_potato":7,"minecraft:mutton":3,"minecraft:coal":17,"minecraft:white_wool":3,"minecraft:cobblestone":21,"minecraft:furnace":1},"minecraft:mined":{"minecraft:glass_pane":1,"minecraft:furnace":1,"quark:yellow_blossom_leaves":31,"minecraft:crafting_table":1,"minecraft:grass":9,"minecraft:coal_ore":9,"minecraft:grass_block":5,"minecraft:oak_log":6,"ecologics:walnut_leaves":4,"quark:blossom_log":9,"minecraft:dirt":6,"luminousworld:grassvariant_2":4,"luminousworld:grassvariant_3":1,"ecologics:walnut_log":5,"minecraft:stone":21,"minecraft:iron_block":1},"minecraft:custom":{"minecraft:interact_with_smithing_table":1,"minecraft:time_since_rest":29460,"minecraft:interact_with_furnace":7,"minecraft:sprint_one_cm":79852,"minecraft:damage_taken":556,"minecraft:walk_one_cm":91104,"minecraft:mob_kills":8,"minecraft:damage_dealt":871,"minecraft:swim_one_cm":16855,"minecraft:talked_to_villager":1,"minecraft:interact_with_crafting_table":6,"minecraft:tune_noteblock":7,"minecraft:fly_one_cm":145167,"minecraft:open_barrel":1,"minecraft:open_chest":2,"minecraft:crouch_one_cm":806,"minecraft:play_time":29460,"tombstone:undead_killed":1,"minecraft:interact_with_campfire":7,"minecraft:sneak_time":475,"minecraft:walk_under_water_one_cm":4460,"minecraft:jump":610,"minecraft:leave_game":1,"minecraft:walk_on_water_one_cm":4233,"minecraft:time_since_death":29460,"minecraft:climb_one_cm":3435,"minecraft:total_world_time":29460,"minecraft:fall_one_cm":17717},"minecraft:killed":{"minecraft:sheep":3,"minecraft:zombie":1,"ecologics:squirrel":1,"minecraft:cow":3},"minecraft:used":{"minecraft:oak_log":2,"minecraft:bread":2,"minecraft:stone_pickaxe":30,"minecraft:baked_potato":7,"minecraft:wooden_pickaxe":3,"minecraft:white_wool":3,"minecraft:golden_leggings":1,"minecraft:golden_helmet":1,"minecraft:stone_axe":75,"minecraft:iron_chestplate":1,"minecraft:dirt":11,"minecraft:mutton":3,"minecraft:crafting_table":1,"minecraft:furnace":1,"minecraft:cooked_beef":2},"minecraft:crafted":{"minecraft:cooked_beef":5,"minecraft:oak_planks":12,"minecraft:iron_chestplate":1,"minecraft:crafting_table":1,"minecraft:stick":8,"minecraft:furnace":1,"minecraft:wooden_pickaxe":1,"minecraft:iron_ingot":9,"minecraft:stone_pickaxe":1,"minecraft:stone_axe":1,"minecraft:air":0}},"DataVersion":3465}