{"stats":{"minecraft:picked_up":{"minecraft:birch_log":2,"minecraft:crafting_table":4,"minecraft:wheat":21,"minecraft:leather_chestplate":1,"minecraft:leather_leggings":2,"minecraft:leather":3,"minecraft:oak_log":36,"minecraft:string":3,"minecraft:dirt":11,"minecraft:wheat_seeds":48,"minecraft:beef":10,"minecraft:dandelion":1,"luminousworld:sunset_petunias":1,"minecraft:porkchop":4,"minecraft:white_bed":2,"minecraft:leather_helmet":2,"minecraft:rotten_flesh":4,"minecraft:diamond_boots":1,"minecraft:hay_block":3,"minecraft:bread":2,"minecraft:oak_sapling":1,"minecraft:coal":26,"minecraft:cobblestone":25,"minecraft:sunflower":4},"minecraft:dropped":{"minecraft:white_bed":1,"minecraft:oak_sapling":1},"minecraft:custom":{"minecraft:mob_kills":10,"minecraft:interact_with_crafting_table":6,"minecraft:damage_dealt_resisted":19,"minecraft:time_since_death":19889,"minecraft:sleep_in_bed":4,"minecraft:climb_one_cm":400,"minecraft:time_since_rest":3642,"minecraft:sprint_one_cm":115212,"minecraft:damage_taken":1381,"minecraft:walk_one_cm":77530,"minecraft:drop":2,"minecraft:damage_dealt":1293,"minecraft:swim_one_cm":3512,"minecraft:fly_one_cm":102108,"minecraft:open_chest":4,"minecraft:crouch_one_cm":2953,"minecraft:play_time":28637,"tombstone:undead_killed":2,"minecraft:deaths":3,"minecraft:sneak_time":1064,"minecraft:walk_under_water_one_cm":446,"minecraft:jump":654,"minecraft:walk_on_water_one_cm":218,"minecraft:total_world_time":28637,"minecraft:fall_one_cm":14565},"minecraft:mined":{"minecraft:white_bed":2,"born_in_chaos_v1:marigolds":1,"minecraft:dandelion":1,"minecraft:crafting_table":4,"minecraft:grass_block":7,"luminousworld:grassvariant_2":1,"minecraft:tall_grass":2,"minecraft:hay_block":3,"luminousworld:sunset_petunias":1,"minecraft:birch_log":2,"minecraft:grass":4,"minecraft:oak_log":36,"minecraft:coal_ore":26,"minecraft:dirt":2,"minecraft:stone":25,"minecraft:oak_leaves":6},"minecraft:killed_by":{"minecraft:creeper":1,"enemyexpansion:wasp":2},"minecraft:crafted":{"minecraft:oak_planks":24,"minecraft:crafting_table":1,"minecraft:wooden_pickaxe":1,"minecraft:birch_planks":8,"minecraft:stone_axe":1,"minecraft:bread":12,"minecraft:stick":12,"minecraft:stone_pickaxe":1,"minecraft:stone_sword":1,"minecraft:stone_hoe":1,"minecraft:wheat":18},"minecraft:killed":{"minecraft:pig":2,"undead_revamp2:thehunter":1,"enemyexpansion:sprinter":1,"enemyexpansion:wasp":1,"minecraft:cow":4},"minecraft:used":{"minecraft:stone_sword":22,"minecraft:stone_pickaxe":42,"minecraft:wooden_pickaxe":9,"minecraft:grass":2,"minecraft:stone_hoe":1,"minecraft:dirt":11,"minecraft:crafting_table":4,"minecraft:white_bed":1,"minecraft:sunflower":4,"minecraft:bread":13,"minecraft:stone_axe":40,"minecraft:cobblestone":15,"minecraft:beef":2,"minecraft:tall_grass":1,"tombstone:gift":4}},"DataVersion":3465}