{"stats":{"minecraft:picked_up":{"luminousworld:groundpebbles_1":9,"minecraft:crafting_table":17,"minecraft:wheat":78,"minecraft:azure_bluet":1,"minecraft:chainmail_boots":2,"illagerinvasion:platinum_chunk":3,"minecraft:leather_leggings":2,"minecraft:oak_stairs":1,"minecraft:wither_rose":2,"minecraft:enchanted_book":3,"tombstone:grave_key":1,"minecraft:string":18,"minecraft:oak_trapdoor":1,"minecraft:raw_copper":17,"minecraft:item_frame":1,"minecraft:white_carpet":1,"ecologics:walnut_sapling":1,"minecraft:gold_nugget":12,"minecraft:beef":10,"iceandfire:dread_knight_sword":1,"iceandfire:dread_shard":9,"minecraft:sugar_cane":7,"minecraft:iron_pickaxe":1,"naturalist:catfish":2,"minecraft:lectern":1,"minecraft:coal_block":15,"minecraft:furnace":5,"minecraft:stick":4,"minecraft:raw_iron":3,"iceandfire:dragonbone":44,"luminousworld:auburnlog":7,"ecologics:walnut_log":4,"iceandfire:dread_sword":1,"quark:blossom_log":3,"minecraft:porkchop":12,"tombstone:grave_dust":4,"minecraft:carrot":30,"minecraft:dark_oak_planks":4,"iceandfire:dragon_skull_ice":1,"minecraft:stone_sword":1,"minecraft:arrow":7,"minecraft:rotten_flesh":14,"minecraft:diamond_boots":1,"minecraft:hay_block":11,"undead_revamp2:arapholia":2,"minecraft:skeleton_skull":2,"minecraft:cobblestone":143,"minecraft:birch_log":2,"born_in_chaos_v1:corpse_maggot":2,"ecologics:walnut":1,"minecraft:leather_chestplate":2,"minecraft:feather":2,"minecraft:salmon":2,"minecraft:leather":3,"minecraft:flint":3,"minecraft:oak_log":61,"minecraft:chainmail_chestplate":2,"iceandfire:dread_stone_bricks_cracked":1,"minecraft:dirt":33,"minecraft:lantern":3,"naturalist:bass":3,"minecraft:bone":23,"minecraft:wheat_seeds":158,"minecraft:iron_ingot":6,"minecraft:stone_pickaxe":1,"tombstone:bag_of_seeds":1,"luminousworld:autumnplank":9,"minecraft:iron_sword":3,"minecraft:oak_planks":8,"minecraft:purple_concrete":4,"minecraft:book":63,"minecraft:oak_slab":1,"iceandfire:copper_nugget":14,"minecraft:dandelion":2,"luminousworld:sunset_petunias":1,"minecraft:gravel":15,"minecraft:white_bed":7,"minecraft:dark_oak_log":3,"minecraft:spider_eye":2,"minecraft:leather_helmet":2,"mowziesmobs:naga_fang":1,"alexsmobs:raw_catfish":1,"minecraft:bundle":1,"minecraft:purple_bed":5,"minecraft:chainmail_leggings":1,"minecraft:damaged_anvil":1,"born_in_chaos_v1:rotten_fish":1,"minecraft:golden_apple":3,"born_in_chaos_v1:river_mint":1,"minecraft:bread":2,"minecraft:emerald":7,"tombstone:magic_scroll":1,"minecraft:oak_sapling":3,"minecraft:dark_oak_wood":4,"iceandfire:silver_nugget":52,"minecraft:coal":116,"iceandfire:raw_silver":11,"minecraft:sunflower":4,"minecraft:ender_pearl":1},"minecraft:mined":{"minecraft:dark_oak_planks":6,"luminousworld:groundpebbles_1":4,"minecraft:white_bed":6,"iceandfire:silver_ore":11,"luminousworld:grassvariant_4":1,"iceandfire:copper_pile":2,"minecraft:dark_oak_log":3,"minecraft:grass_block":13,"luminousworld:grassvariant_2":4,"minecraft:coal_block":15,"luminousworld:groundpebbles_3":5,"minecraft:hay_block":6,"luminousworld:sunset_petunias":1,"minecraft:furnace":4,"minecraft:iron_ore":8,"minecraft:bookshelf":21,"iceandfire:gold_pile":2,"minecraft:dirt_path":1,"minecraft:oak_stairs":1,"ecologics:walnut_log":4,"iceandfire:dread_stone_bricks_cracked":1,"minecraft:stone":122,"minecraft:oak_slab":1,"born_in_chaos_v1:marigolds":1,"minecraft:dandelion":1,"minecraft:crafting_table":17,"minecraft:dark_oak_wood":4,"ecologics:walnut_leaves":1,"minecraft:lectern":1,"quark:blossom_log":3,"luminousworld:auburnlog":7,"minecraft:copper_ore":4,"minecraft:tall_grass":15,"minecraft:cobblestone":8,"minecraft:sugar_cane":3,"minecraft:oak_planks":9,"minecraft:damaged_anvil":1,"minecraft:skeleton_skull":1,"minecraft:purple_bed":4,"minecraft:birch_log":2,"minecraft:purple_concrete":4,"luminousworld:autumnplank":8,"minecraft:wither_rose":1,"minecraft:grass":10,"minecraft:coal_ore":52,"minecraft:oak_log":60,"iceandfire:silver_pile":12,"minecraft:gravel":18,"minecraft:dirt":5,"minecraft:cobweb":8,"iceandfire:dread_stone_bricks":2,"minecraft:oak_leaves":16},"minecraft:broken":{"minecraft:leather_helmet":1,"minecraft:leather_chestplate":1,"minecraft:shield":1,"minecraft:stone_axe":1,"minecraft:iron_sword":1},"minecraft:dropped":{"minecraft:enchanted_book":1,"minecraft:iron_ingot":2,"minecraft:bread":2,"minecraft:iron_sword":1,"minecraft:porkchop":1,"minecraft:wheat_seeds":100,"minecraft:golden_apple":2,"minecraft:stick":4,"minecraft:wither_rose":1,"minecraft:chainmail_leggings":1,"minecraft:bone":4,"iceandfire:dragonbone":22,"minecraft:dandelion":1,"iceandfire:silver_nugget":12,"minecraft:stone_sword":1,"minecraft:wheat":3,"born_in_chaos_v1:rotten_fish":1,"undead_revamp2:arapholia":1,"minecraft:rotten_flesh":9,"minecraft:azure_bluet":1,"minecraft:white_bed":1,"minecraft:chainmail_chestplate":1,"minecraft:shield":1,"ecologics:walnut":1,"minecraft:skeleton_skull":1,"minecraft:oak_sapling":3,"minecraft:spider_eye":2,"minecraft:arrow":10},"minecraft:custom":{"minecraft:mob_kills":84,"minecraft:interact_with_crafting_table":41,"minecraft:open_barrel":4,"minecraft:damage_dealt_resisted":19,"minecraft:leave_game":1,"minecraft:time_since_death":47068,"minecraft:climb_one_cm":3322,"minecraft:sprint_one_cm":721894,"minecraft:walk_one_cm":533832,"minecraft:damage_blocked_by_shield":4904,"minecraft:drop":61,"minecraft:play_time":219770,"minecraft:sneak_time":6167,"minecraft:deaths":12,"minecraft:walk_under_water_one_cm":20969,"minecraft:jump":4552,"minecraft:walk_on_water_one_cm":14040,"minecraft:total_world_time":219770,"minecraft:interact_with_furnace":59,"tombstone:raider_killed":10,"minecraft:sleep_in_bed":15,"minecraft:time_since_rest":10481,"minecraft:damage_taken":8415,"minecraft:damage_absorbed":80,"minecraft:trigger_trapped_chest":3,"minecraft:damage_dealt":19505,"minecraft:swim_one_cm":54739,"minecraft:fly_one_cm":872617,"minecraft:player_kills":1,"minecraft:open_chest":32,"minecraft:crouch_one_cm":21168,"tombstone:undead_killed":34,"minecraft:interact_with_anvil":4,"minecraft:fall_one_cm":98201,"minecraft:interact_with_smithing_table":1},"minecraft:killed":{"luminousworld:frostbitten_zombie":2,"undead_revamp2:thehunter":1,"minecraft:witch":1,"minecraft:spider":1,"minecraft:vindicator":1,"alexsmobs:seagull":1,"enemyexpansion:direwolf":1,"undead_revamp2:theswarmer":1,"luminousworld:swamp_skeleton":1,"iceandfire:dread_knight":8,"iceandfire:dread_thrall":10,"naturalist:bass":2,"born_in_chaos_v1:corpse_fish":1,"iceandfire:dread_scuttler":3,"minecraft:cat":2,"minecraft:pig":6,"minecraft:salmon":1,"undead_revamp2:the_moonflower":1,"enemyexpansion:sprinter":1,"born_in_chaos_v1:decrepit_skeleton":3,"alexsmobs:catfish":2,"luminousworld:mourning_cloak":1,"minecraft:pillager":8,"born_in_chaos_v1:zombie_fisherman":1,"naturalist:catfish":2,"alexsmobs:crocodile":1,"iceandfire:ghost":3,"born_in_chaos_v1:corpse_fly":4,"iceandfire:dread_ghoul":2,"naturalist:sparrow":1,"enemyexpansion:wasp":1,"minecraft:cow":4},"minecraft:used":{"iceandfire:silver_sword":70,"minecraft:stone_sword":75,"iceandfire:armor_copper_metal_leggings":1,"minecraft:stone_shovel":18,"naturalist:cooked_catfish":1,"minecraft:shield":116,"minecraft:iron_sword":261,"minecraft:grass":2,"minecraft:stone_hoe":4,"minecraft:rotten_flesh":5,"minecraft:torch":2,"minecraft:dirt":29,"iceandfire:copper_sword":60,"iceandfire:pixie_dust":1,"minecraft:chainmail_chestplate":1,"minecraft:carrot":47,"naturalist:cooked_bass":2,"iceandfire:armor_silver_metal_helmet":1,"minecraft:dark_oak_planks":32,"minecraft:lantern":3,"minecraft:oak_stairs":1,"minecraft:iron_boots":1,"minecraft:item_frame":1,"minecraft:purple_concrete":4,"ecologics:walnut_planks":16,"minecraft:beef":2,"minecraft:tall_grass":1,"minecraft:goat_horn":7,"minecraft:furnace":4,"minecraft:skeleton_skull":1,"tombstone:gift":10,"undead_revamp2:arapholia":1,"minecraft:cooked_beef":6,"luminousworld:autumnplank":27,"minecraft:iron_leggings":1,"quark:blossom_log":3,"alexsmobs:cooked_catfish":1,"minecraft:baked_potato":13,"minecraft:stone_pickaxe":124,"minecraft:oak_planks":55,"minecraft:ender_pearl":1,"minecraft:wooden_pickaxe":9,"minecraft:sugar_cane":7,"minecraft:salmon":1,"minecraft:golden_apple":2,"minecraft:oak_slab":1,"minecraft:crafting_table":21,"minecraft:white_bed":8,"iceandfire:silver_pickaxe":64,"tombstone:bag_of_seeds":2,"minecraft:iron_pickaxe":53,"minecraft:sunflower":4,"minecraft:bread":69,"iceandfire:graveyard_soil":7,"minecraft:gravel":15,"minecraft:stone_axe":156,"minecraft:cobblestone":81,"minecraft:purple_bed":4,"born_in_chaos_v1:river_mint":1,"minecraft:chainmail_boots":1,"naturalist:catfish":1,"quark:oak_chest":1,"minecraft:dandelion":1,"iceandfire:dread_stone_bricks_cracked":1,"minecraft:oak_trapdoor":1},"minecraft:crafted":{"minecraft:oak_planks":120,"minecraft:stone_shovel":1,"ecologics:walnut_planks":16,"minecraft:furnace":3,"iceandfire:armor_copper_metal_leggings":1,"naturalist:cooked_bass":3,"minecraft:stone_pickaxe":1,"alexsmobs:cooked_catfish":1,"minecraft:dark_oak_planks":28,"minecraft:stone_hoe":1,"minecraft:wheat":99,"minecraft:cooked_beef":8,"minecraft:coal_block":5,"luminousworld:autumnplank":28,"minecraft:arrow":8,"iceandfire:silver_ingot":14,"minecraft:crafting_table":4,"minecraft:wooden_pickaxe":1,"minecraft:baked_potato":14,"minecraft:cooked_salmon":1,"minecraft:copper_ingot":18,"minecraft:birch_planks":8,"minecraft:stone_axe":2,"minecraft:bread":58,"minecraft:air":0,"iceandfire:armor_silver_metal_helmet":1,"minecraft:cobblestone":1,"minecraft:shield":4,"minecraft:stick":28,"quark:oak_chest":1,"minecraft:iron_ingot":3,"minecraft:stone_sword":1,"minecraft:white_bed":3,"minecraft:torch":12,"iceandfire:silver_pickaxe":1,"naturalist:cooked_catfish":1,"iceandfire:silver_sword":1},"minecraft:killed_by":{"mowziesmobs:naga":1,"minecraft:creeper":1,"iceandfire:dread_thrall":1,"iceandfire:dread_ghoul":2,"iceandfire:dread_knight":3,"enemyexpansion:wasp":2,"born_in_chaos_v1:corpse_fish":1,"iceandfire:ghost":1}},"DataVersion":3465}