{"stats":{"minecraft:picked_up":{"minecraft:birch_log":2,"minecraft:crafting_table":14,"minecraft:wheat":78,"minecraft:leather_chestplate":1,"illagerinvasion:platinum_chunk":1,"minecraft:leather_leggings":2,"minecraft:leather":3,"minecraft:oak_stairs":1,"minecraft:oak_log":46,"minecraft:oak_trapdoor":1,"minecraft:string":10,"minecraft:dirt":12,"minecraft:lantern":3,"minecraft:white_carpet":1,"minecraft:bone":1,"ecologics:walnut_sapling":1,"minecraft:wheat_seeds":155,"minecraft:gold_nugget":12,"minecraft:iron_ingot":3,"minecraft:beef":10,"minecraft:iron_pickaxe":1,"minecraft:lectern":1,"minecraft:coal_block":15,"minecraft:oak_planks":5,"minecraft:iron_sword":2,"minecraft:book":63,"minecraft:oak_slab":1,"minecraft:stick":4,"iceandfire:copper_nugget":14,"luminousworld:auburnlog":7,"ecologics:walnut_log":4,"minecraft:dandelion":2,"luminousworld:sunset_petunias":1,"minecraft:porkchop":12,"tombstone:grave_dust":1,"minecraft:white_bed":2,"minecraft:carrot":30,"minecraft:leather_helmet":2,"minecraft:bundle":1,"minecraft:rotten_flesh":6,"minecraft:diamond_boots":1,"minecraft:hay_block":6,"undead_revamp2:arapholia":1,"luminousworld:groundpebbles_1":9,"minecraft:emerald":7,"minecraft:bread":2,"ecologics:walnut":1,"iceandfire:silver_nugget":40,"minecraft:oak_sapling":3,"minecraft:coal":26,"minecraft:ender_pearl":1,"minecraft:cobblestone":25,"minecraft:sunflower":4},"minecraft:dropped":{"minecraft:porkchop":1,"minecraft:wheat_seeds":97,"minecraft:stone_sword":1,"minecraft:wheat":3,"minecraft:rotten_flesh":4,"minecraft:white_bed":1,"minecraft:stick":4,"ecologics:walnut":1,"minecraft:oak_sapling":3,"minecraft:iron_ingot":2,"minecraft:dandelion":1},"minecraft:custom":{"minecraft:interact_with_smithing_table":1,"minecraft:interact_with_furnace":9,"minecraft:mob_kills":28,"tombstone:raider_killed":9,"minecraft:interact_with_crafting_table":19,"minecraft:open_barrel":3,"minecraft:damage_dealt_resisted":19,"minecraft:time_since_death":85889,"minecraft:sleep_in_bed":7,"minecraft:climb_one_cm":2103,"minecraft:time_since_rest":10213,"minecraft:sprint_one_cm":396908,"minecraft:damage_taken":2200,"minecraft:walk_one_cm":206260,"minecraft:damage_blocked_by_shield":730,"minecraft:drop":27,"minecraft:damage_dealt":5897,"minecraft:swim_one_cm":4213,"minecraft:fly_one_cm":358131,"minecraft:open_chest":13,"minecraft:crouch_one_cm":5051,"minecraft:play_time":94637,"tombstone:undead_killed":4,"minecraft:deaths":3,"minecraft:sneak_time":1636,"minecraft:walk_under_water_one_cm":1091,"minecraft:jump":1843,"minecraft:walk_on_water_one_cm":835,"minecraft:total_world_time":94637,"minecraft:fall_one_cm":47773},"minecraft:mined":{"minecraft:oak_slab":1,"minecraft:white_bed":2,"born_in_chaos_v1:marigolds":1,"iceandfire:copper_pile":2,"minecraft:dandelion":1,"minecraft:crafting_table":14,"minecraft:grass_block":7,"ecologics:walnut_leaves":1,"minecraft:lectern":1,"luminousworld:auburnlog":7,"luminousworld:grassvariant_2":2,"minecraft:coal_block":15,"minecraft:tall_grass":14,"minecraft:oak_planks":5,"luminousworld:groundpebbles_3":5,"minecraft:hay_block":6,"luminousworld:sunset_petunias":1,"minecraft:birch_log":2,"minecraft:iron_ore":5,"minecraft:grass":9,"iceandfire:silver_pile":12,"minecraft:bookshelf":21,"minecraft:oak_log":45,"minecraft:coal_ore":26,"iceandfire:gold_pile":2,"minecraft:dirt_path":1,"minecraft:oak_stairs":1,"minecraft:dirt":2,"minecraft:cobweb":2,"luminousworld:groundpebbles_1":4,"ecologics:walnut_log":4,"minecraft:stone":25,"minecraft:oak_leaves":11},"minecraft:killed_by":{"minecraft:creeper":1,"enemyexpansion:wasp":2},"minecraft:crafted":{"luminousworld:autumnplank":28,"minecraft:oak_planks":24,"iceandfire:silver_ingot":4,"minecraft:crafting_table":1,"ecologics:walnut_planks":16,"minecraft:wooden_pickaxe":1,"minecraft:copper_ingot":1,"minecraft:birch_planks":8,"minecraft:stone_axe":1,"minecraft:bread":43,"minecraft:cobblestone":1,"minecraft:shield":1,"minecraft:stick":12,"minecraft:stone_pickaxe":1,"minecraft:stone_sword":1,"minecraft:torch":12,"minecraft:stone_hoe":1,"minecraft:coal_block":5,"minecraft:wheat":54},"minecraft:killed":{"minecraft:cat":2,"minecraft:pig":6,"undead_revamp2:thehunter":1,"undead_revamp2:the_moonflower":1,"minecraft:vindicator":1,"enemyexpansion:sprinter":1,"enemyexpansion:direwolf":1,"born_in_chaos_v1:decrepit_skeleton":1,"minecraft:pillager":8,"enemyexpansion:wasp":1,"minecraft:cow":4},"minecraft:used":{"luminousworld:autumnplank":7,"minecraft:oak_trapdoor":1,"minecraft:stone_sword":29,"minecraft:stone_pickaxe":49,"minecraft:oak_planks":18,"minecraft:shield":22,"minecraft:wooden_pickaxe":9,"minecraft:iron_sword":55,"minecraft:grass":2,"minecraft:stone_hoe":4,"minecraft:dirt":12,"minecraft:oak_slab":1,"iceandfire:pixie_dust":1,"minecraft:crafting_table":14,"minecraft:white_bed":1,"minecraft:sunflower":4,"minecraft:oak_stairs":1,"minecraft:lantern":3,"minecraft:bread":40,"minecraft:iron_pickaxe":30,"ecologics:walnut_planks":16,"minecraft:stone_axe":111,"minecraft:cobblestone":16,"minecraft:beef":2,"minecraft:tall_grass":1,"tombstone:gift":4,"minecraft:iron_leggings":1,"minecraft:dandelion":1}},"DataVersion":3465}