{"stats":{"minecraft:picked_up":{"minecraft:birch_log":2,"minecraft:crafting_table":11,"minecraft:wheat":77,"minecraft:leather_chestplate":1,"illagerinvasion:platinum_chunk":1,"minecraft:leather_leggings":2,"minecraft:leather":3,"minecraft:oak_stairs":1,"minecraft:oak_log":46,"minecraft:oak_trapdoor":1,"minecraft:string":10,"minecraft:dirt":12,"minecraft:lantern":3,"minecraft:white_carpet":1,"minecraft:bone":1,"minecraft:wheat_seeds":155,"minecraft:gold_nugget":12,"minecraft:iron_ingot":3,"minecraft:beef":10,"minecraft:iron_pickaxe":1,"minecraft:lectern":1,"minecraft:coal_block":15,"minecraft:oak_planks":5,"minecraft:iron_sword":2,"minecraft:book":63,"minecraft:oak_slab":1,"minecraft:stick":4,"iceandfire:copper_nugget":14,"luminousworld:auburnlog":7,"minecraft:dandelion":2,"luminousworld:sunset_petunias":1,"minecraft:porkchop":9,"tombstone:grave_dust":1,"minecraft:white_bed":2,"minecraft:carrot":30,"minecraft:leather_helmet":2,"minecraft:rotten_flesh":4,"minecraft:diamond_boots":1,"minecraft:hay_block":6,"minecraft:emerald":6,"minecraft:bread":2,"iceandfire:silver_nugget":40,"minecraft:oak_sapling":3,"minecraft:coal":26,"minecraft:ender_pearl":1,"minecraft:cobblestone":25,"minecraft:sunflower":4},"minecraft:dropped":{"minecraft:porkchop":1,"minecraft:wheat_seeds":97,"minecraft:stone_sword":1,"minecraft:wheat":2,"minecraft:rotten_flesh":4,"minecraft:white_bed":1,"minecraft:stick":4,"minecraft:oak_sapling":3,"minecraft:iron_ingot":1,"minecraft:dandelion":1},"minecraft:custom":{"minecraft:interact_with_smithing_table":1,"minecraft:interact_with_furnace":9,"minecraft:mob_kills":26,"tombstone:raider_killed":9,"minecraft:interact_with_crafting_table":15,"minecraft:damage_dealt_resisted":19,"minecraft:time_since_death":73889,"minecraft:sleep_in_bed":6,"minecraft:climb_one_cm":2103,"minecraft:time_since_rest":35032,"minecraft:sprint_one_cm":337507,"minecraft:damage_taken":2058,"minecraft:walk_one_cm":181833,"minecraft:damage_blocked_by_shield":575,"minecraft:drop":24,"minecraft:damage_dealt":5458,"minecraft:swim_one_cm":3512,"minecraft:fly_one_cm":251152,"minecraft:open_chest":13,"minecraft:crouch_one_cm":4807,"minecraft:play_time":82637,"tombstone:undead_killed":3,"minecraft:deaths":3,"minecraft:sneak_time":1547,"minecraft:walk_under_water_one_cm":961,"minecraft:jump":1440,"minecraft:walk_on_water_one_cm":604,"minecraft:total_world_time":82637,"minecraft:fall_one_cm":33884},"minecraft:mined":{"minecraft:oak_slab":1,"minecraft:white_bed":2,"born_in_chaos_v1:marigolds":1,"iceandfire:copper_pile":2,"minecraft:dandelion":1,"minecraft:crafting_table":11,"minecraft:grass_block":7,"minecraft:lectern":1,"luminousworld:auburnlog":7,"luminousworld:grassvariant_2":2,"minecraft:coal_block":15,"minecraft:tall_grass":14,"minecraft:oak_planks":5,"minecraft:hay_block":6,"luminousworld:sunset_petunias":1,"minecraft:birch_log":2,"minecraft:iron_ore":5,"minecraft:grass":9,"iceandfire:silver_pile":12,"minecraft:bookshelf":21,"minecraft:oak_log":45,"minecraft:coal_ore":26,"iceandfire:gold_pile":2,"minecraft:dirt_path":1,"minecraft:oak_stairs":1,"minecraft:dirt":2,"minecraft:cobweb":2,"minecraft:stone":25,"minecraft:oak_leaves":11},"minecraft:killed_by":{"minecraft:creeper":1,"enemyexpansion:wasp":2},"minecraft:crafted":{"luminousworld:autumnplank":28,"minecraft:oak_planks":24,"iceandfire:silver_ingot":4,"minecraft:crafting_table":1,"minecraft:wooden_pickaxe":1,"minecraft:copper_ingot":1,"minecraft:birch_planks":8,"minecraft:stone_axe":1,"minecraft:bread":34,"minecraft:shield":1,"minecraft:stick":12,"minecraft:stone_pickaxe":1,"minecraft:stone_sword":1,"minecraft:torch":12,"minecraft:stone_hoe":1,"minecraft:wheat":27},"minecraft:killed":{"minecraft:cat":2,"minecraft:pig":5,"undead_revamp2:thehunter":1,"minecraft:vindicator":1,"enemyexpansion:sprinter":1,"enemyexpansion:direwolf":1,"born_in_chaos_v1:decrepit_skeleton":1,"minecraft:pillager":8,"enemyexpansion:wasp":1,"minecraft:cow":4},"minecraft:used":{"luminousworld:autumnplank":7,"minecraft:oak_trapdoor":1,"minecraft:stone_sword":29,"minecraft:stone_pickaxe":49,"minecraft:oak_planks":18,"minecraft:shield":18,"minecraft:wooden_pickaxe":9,"minecraft:iron_sword":49,"minecraft:grass":2,"minecraft:stone_hoe":4,"minecraft:dirt":12,"minecraft:oak_slab":1,"iceandfire:pixie_dust":1,"minecraft:crafting_table":11,"minecraft:white_bed":1,"minecraft:sunflower":4,"minecraft:oak_stairs":1,"minecraft:lantern":3,"minecraft:bread":34,"minecraft:iron_pickaxe":30,"minecraft:stone_axe":102,"minecraft:cobblestone":15,"minecraft:beef":2,"minecraft:tall_grass":1,"tombstone:gift":4,"minecraft:iron_leggings":1,"minecraft:dandelion":1}},"DataVersion":3465}