{"stats":{"minecraft:picked_up":{"luminousworld:groundpebbles_1":9,"minecraft:crafting_table":14,"minecraft:wheat":78,"minecraft:chainmail_boots":2,"illagerinvasion:platinum_chunk":1,"minecraft:leather_leggings":2,"minecraft:oak_stairs":1,"minecraft:enchanted_book":3,"minecraft:string":12,"minecraft:oak_trapdoor":1,"minecraft:white_carpet":1,"ecologics:walnut_sapling":1,"minecraft:gold_nugget":12,"minecraft:beef":10,"iceandfire:dread_shard":7,"minecraft:iron_pickaxe":1,"minecraft:lectern":1,"minecraft:coal_block":15,"minecraft:stick":4,"iceandfire:dragonbone":44,"luminousworld:auburnlog":7,"ecologics:walnut_log":4,"quark:blossom_log":3,"minecraft:porkchop":12,"tombstone:grave_dust":3,"minecraft:carrot":30,"minecraft:dark_oak_planks":1,"iceandfire:dragon_skull_ice":1,"minecraft:arrow":2,"minecraft:rotten_flesh":8,"minecraft:diamond_boots":1,"minecraft:hay_block":6,"undead_revamp2:arapholia":2,"minecraft:cobblestone":61,"minecraft:birch_log":2,"ecologics:walnut":1,"minecraft:leather_chestplate":2,"minecraft:leather":3,"minecraft:oak_log":46,"minecraft:chainmail_chestplate":1,"iceandfire:dread_stone_bricks_cracked":1,"minecraft:dirt":13,"minecraft:lantern":3,"minecraft:bone":17,"minecraft:wheat_seeds":155,"minecraft:iron_ingot":6,"tombstone:bag_of_seeds":1,"luminousworld:autumnplank":1,"minecraft:iron_sword":3,"minecraft:oak_planks":8,"minecraft:book":63,"minecraft:oak_slab":1,"iceandfire:copper_nugget":14,"minecraft:dandelion":2,"luminousworld:sunset_petunias":1,"minecraft:white_bed":3,"minecraft:spider_eye":2,"minecraft:leather_helmet":2,"minecraft:bundle":1,"minecraft:chainmail_leggings":1,"minecraft:golden_apple":3,"minecraft:bread":2,"minecraft:emerald":7,"tombstone:magic_scroll":1,"minecraft:oak_sapling":3,"iceandfire:silver_nugget":52,"minecraft:coal":26,"minecraft:sunflower":4,"minecraft:ender_pearl":1},"minecraft:dropped":{"minecraft:enchanted_book":1,"minecraft:iron_ingot":2,"minecraft:iron_sword":1,"minecraft:porkchop":1,"minecraft:wheat_seeds":97,"minecraft:golden_apple":2,"minecraft:stick":4,"minecraft:chainmail_leggings":1,"minecraft:bone":4,"minecraft:dandelion":1,"iceandfire:dragonbone":22,"iceandfire:silver_nugget":12,"minecraft:stone_sword":1,"minecraft:wheat":3,"undead_revamp2:arapholia":1,"minecraft:rotten_flesh":8,"minecraft:white_bed":1,"minecraft:chainmail_chestplate":1,"ecologics:walnut":1,"minecraft:oak_sapling":3,"minecraft:spider_eye":2},"minecraft:custom":{"minecraft:interact_with_smithing_table":1,"minecraft:mob_kills":54,"minecraft:interact_with_crafting_table":25,"minecraft:open_barrel":3,"minecraft:damage_dealt_resisted":19,"minecraft:time_since_death":1811,"minecraft:climb_one_cm":2103,"minecraft:sprint_one_cm":467360,"minecraft:walk_one_cm":330567,"minecraft:damage_blocked_by_shield":4824,"minecraft:drop":48,"minecraft:play_time":130637,"minecraft:deaths":7,"minecraft:sneak_time":3879,"minecraft:walk_under_water_one_cm":3174,"minecraft:jump":2520,"minecraft:walk_on_water_one_cm":1097,"minecraft:total_world_time":130637,"minecraft:interact_with_furnace":12,"tombstone:raider_killed":9,"minecraft:sleep_in_bed":9,"minecraft:time_since_rest":1338,"minecraft:damage_taken":5479,"minecraft:damage_absorbed":80,"minecraft:damage_dealt":14474,"minecraft:swim_one_cm":4213,"minecraft:fly_one_cm":457603,"minecraft:player_kills":1,"minecraft:open_chest":21,"minecraft:crouch_one_cm":14383,"tombstone:undead_killed":21,"minecraft:fall_one_cm":58658},"minecraft:mined":{"minecraft:dark_oak_planks":2,"luminousworld:groundpebbles_1":4,"minecraft:white_bed":3,"iceandfire:copper_pile":2,"minecraft:grass_block":8,"luminousworld:grassvariant_2":2,"minecraft:coal_block":15,"luminousworld:groundpebbles_3":5,"minecraft:hay_block":6,"luminousworld:sunset_petunias":1,"minecraft:iron_ore":5,"minecraft:bookshelf":21,"iceandfire:gold_pile":2,"minecraft:dirt_path":1,"minecraft:oak_stairs":1,"ecologics:walnut_log":4,"iceandfire:dread_stone_bricks_cracked":1,"minecraft:stone":45,"minecraft:oak_slab":1,"born_in_chaos_v1:marigolds":1,"minecraft:dandelion":1,"minecraft:crafting_table":14,"ecologics:walnut_leaves":1,"quark:blossom_log":3,"minecraft:lectern":1,"luminousworld:auburnlog":7,"minecraft:tall_grass":14,"minecraft:oak_planks":9,"minecraft:birch_log":2,"minecraft:grass":9,"minecraft:coal_ore":26,"minecraft:oak_log":45,"iceandfire:silver_pile":12,"minecraft:dirt":2,"minecraft:cobweb":4,"minecraft:oak_leaves":11,"iceandfire:dread_stone_bricks":2},"minecraft:killed_by":{"minecraft:creeper":1,"iceandfire:dread_ghoul":2,"iceandfire:dread_knight":2,"enemyexpansion:wasp":2},"minecraft:crafted":{"minecraft:oak_planks":80,"ecologics:walnut_planks":16,"minecraft:furnace":2,"minecraft:stone_pickaxe":1,"minecraft:stone_hoe":1,"minecraft:wheat":54,"minecraft:coal_block":5,"luminousworld:autumnplank":28,"iceandfire:silver_ingot":4,"minecraft:crafting_table":1,"minecraft:wooden_pickaxe":1,"minecraft:copper_ingot":1,"minecraft:birch_planks":8,"minecraft:stone_axe":1,"minecraft:bread":43,"minecraft:cobblestone":1,"minecraft:shield":2,"minecraft:stick":20,"quark:oak_chest":1,"minecraft:stone_sword":1,"minecraft:white_bed":2,"minecraft:torch":12,"iceandfire:silver_sword":1},"minecraft:killed":{"undead_revamp2:thehunter":1,"minecraft:spider":1,"minecraft:vindicator":1,"enemyexpansion:direwolf":1,"iceandfire:dread_knight":7,"iceandfire:dread_thrall":8,"iceandfire:dread_scuttler":3,"minecraft:cat":2,"minecraft:pig":6,"undead_revamp2:the_moonflower":1,"enemyexpansion:sprinter":1,"born_in_chaos_v1:decrepit_skeleton":1,"minecraft:pillager":8,"born_in_chaos_v1:corpse_fly":1,"iceandfire:dread_ghoul":2,"enemyexpansion:wasp":1,"minecraft:cow":4},"minecraft:broken":{"minecraft:leather_helmet":1,"minecraft:leather_chestplate":1,"minecraft:shield":1,"minecraft:stone_axe":1,"minecraft:iron_sword":1},"minecraft:used":{"minecraft:oak_trapdoor":1,"minecraft:stone_sword":29,"iceandfire:silver_sword":70,"minecraft:shield":109,"minecraft:iron_sword":250,"minecraft:grass":2,"minecraft:stone_hoe":4,"minecraft:torch":2,"minecraft:dirt":13,"iceandfire:pixie_dust":1,"minecraft:carrot":47,"minecraft:dark_oak_planks":1,"minecraft:lantern":3,"minecraft:oak_stairs":1,"ecologics:walnut_planks":16,"minecraft:beef":2,"minecraft:tall_grass":1,"minecraft:furnace":2,"tombstone:gift":8,"undead_revamp2:arapholia":1,"minecraft:iron_leggings":1,"quark:blossom_log":3,"luminousworld:autumnplank":23,"minecraft:stone_pickaxe":49,"minecraft:oak_planks":55,"minecraft:ender_pearl":1,"minecraft:wooden_pickaxe":9,"minecraft:golden_apple":2,"minecraft:crafting_table":15,"minecraft:oak_slab":1,"minecraft:white_bed":4,"tombstone:bag_of_seeds":2,"minecraft:sunflower":4,"minecraft:bread":56,"minecraft:iron_pickaxe":53,"minecraft:stone_axe":118,"minecraft:cobblestone":34,"quark:oak_chest":1,"minecraft:dandelion":1,"iceandfire:dread_stone_bricks_cracked":1}},"DataVersion":3465}