{"stats":{"minecraft:custom":{"minecraft:time_since_rest":6261,"minecraft:sprint_one_cm":67147,"minecraft:damage_taken":880,"minecraft:walk_one_cm":33372,"minecraft:mob_kills":1,"minecraft:drop":1,"minecraft:damage_dealt":212,"minecraft:interact_with_crafting_table":4,"minecraft:swim_one_cm":3512,"minecraft:fly_one_cm":51262,"minecraft:open_chest":4,"minecraft:crouch_one_cm":1356,"minecraft:play_time":15064,"minecraft:deaths":3,"minecraft:sneak_time":535,"minecraft:walk_under_water_one_cm":446,"minecraft:jump":333,"minecraft:walk_on_water_one_cm":218,"minecraft:time_since_death":6316,"minecraft:sleep_in_bed":1,"minecraft:total_world_time":15064,"minecraft:fall_one_cm":5899},"minecraft:dropped":{"minecraft:oak_sapling":1},"minecraft:killed_by":{"minecraft:creeper":1,"enemyexpansion:wasp":2},"minecraft:killed":{"enemyexpansion:wasp":1},"minecraft:used":{"minecraft:bread":2,"minecraft:stone_pickaxe":11,"minecraft:wooden_pickaxe":9,"minecraft:stone_axe":32,"minecraft:dirt":8,"minecraft:beef":1,"minecraft:crafting_table":2,"tombstone:gift":4},"minecraft:mined":{"luminousworld:sunset_petunias":1,"minecraft:white_bed":2,"born_in_chaos_v1:marigolds":1,"minecraft:birch_log":2,"minecraft:crafting_table":2,"minecraft:grass":1,"minecraft:grass_block":6,"minecraft:oak_log":36,"minecraft:dirt":2,"minecraft:tall_grass":2,"minecraft:stone":20,"minecraft:oak_leaves":6},"minecraft:crafted":{"minecraft:oak_planks":24,"minecraft:crafting_table":1,"minecraft:stick":8,"minecraft:wooden_pickaxe":1,"minecraft:stone_pickaxe":1,"minecraft:stone_sword":1,"minecraft:birch_planks":8,"minecraft:stone_axe":1},"minecraft:picked_up":{"minecraft:birch_log":2,"minecraft:crafting_table":2,"luminousworld:sunset_petunias":1,"minecraft:oak_log":36,"minecraft:white_bed":2,"minecraft:dirt":8,"minecraft:beef":2,"minecraft:oak_sapling":1,"minecraft:cobblestone":20}},"DataVersion":3465}