{"stats":{"minecraft:picked_up":{"luminousworld:groundpebbles_1":9,"minecraft:crafting_table":14,"minecraft:wheat":78,"minecraft:azure_bluet":1,"minecraft:chainmail_boots":2,"illagerinvasion:platinum_chunk":1,"minecraft:leather_leggings":2,"minecraft:oak_stairs":1,"minecraft:wither_rose":2,"minecraft:enchanted_book":3,"tombstone:grave_key":1,"minecraft:string":18,"minecraft:oak_trapdoor":1,"minecraft:raw_copper":17,"minecraft:white_carpet":1,"ecologics:walnut_sapling":1,"minecraft:gold_nugget":12,"minecraft:beef":10,"iceandfire:dread_knight_sword":1,"iceandfire:dread_shard":9,"minecraft:iron_pickaxe":1,"minecraft:lectern":1,"minecraft:coal_block":15,"minecraft:stick":4,"iceandfire:dragonbone":44,"luminousworld:auburnlog":7,"ecologics:walnut_log":4,"iceandfire:dread_sword":1,"quark:blossom_log":3,"minecraft:porkchop":12,"tombstone:grave_dust":4,"minecraft:carrot":30,"minecraft:dark_oak_planks":4,"iceandfire:dragon_skull_ice":1,"minecraft:stone_sword":1,"minecraft:arrow":2,"minecraft:rotten_flesh":13,"minecraft:diamond_boots":1,"minecraft:hay_block":6,"minecraft:skeleton_skull":2,"undead_revamp2:arapholia":2,"minecraft:cobblestone":112,"born_in_chaos_v1:corpse_maggot":2,"minecraft:birch_log":2,"ecologics:walnut":1,"minecraft:leather_chestplate":2,"minecraft:feather":2,"minecraft:salmon":1,"minecraft:leather":3,"minecraft:flint":3,"minecraft:oak_log":46,"minecraft:chainmail_chestplate":2,"iceandfire:dread_stone_bricks_cracked":1,"minecraft:dirt":13,"minecraft:lantern":3,"minecraft:bone":22,"minecraft:wheat_seeds":155,"minecraft:stone_pickaxe":1,"minecraft:iron_ingot":6,"tombstone:bag_of_seeds":1,"luminousworld:autumnplank":9,"minecraft:iron_sword":3,"minecraft:oak_planks":8,"minecraft:book":63,"minecraft:oak_slab":1,"iceandfire:copper_nugget":14,"minecraft:dandelion":2,"minecraft:gravel":15,"luminousworld:sunset_petunias":1,"minecraft:white_bed":3,"minecraft:dark_oak_log":3,"minecraft:spider_eye":2,"minecraft:leather_helmet":2,"minecraft:bundle":1,"minecraft:chainmail_leggings":1,"minecraft:golden_apple":3,"minecraft:bread":2,"minecraft:emerald":7,"minecraft:dark_oak_wood":4,"tombstone:magic_scroll":1,"minecraft:oak_sapling":3,"iceandfire:silver_nugget":52,"minecraft:coal":37,"iceandfire:raw_silver":11,"minecraft:sunflower":4,"minecraft:ender_pearl":1},"minecraft:dropped":{"minecraft:enchanted_book":1,"minecraft:iron_ingot":2,"minecraft:iron_sword":1,"minecraft:porkchop":1,"minecraft:wheat_seeds":97,"minecraft:golden_apple":2,"minecraft:stick":4,"minecraft:wither_rose":1,"minecraft:chainmail_leggings":1,"minecraft:bone":4,"minecraft:dandelion":1,"iceandfire:dragonbone":22,"iceandfire:silver_nugget":12,"minecraft:stone_sword":1,"minecraft:wheat":3,"undead_revamp2:arapholia":1,"minecraft:rotten_flesh":8,"minecraft:azure_bluet":1,"minecraft:white_bed":1,"minecraft:chainmail_chestplate":1,"ecologics:walnut":1,"minecraft:skeleton_skull":1,"minecraft:oak_sapling":3,"minecraft:spider_eye":2,"minecraft:arrow":10},"minecraft:custom":{"minecraft:interact_with_smithing_table":1,"minecraft:mob_kills":68,"minecraft:interact_with_crafting_table":32,"minecraft:open_barrel":3,"minecraft:damage_dealt_resisted":19,"minecraft:time_since_death":2600,"minecraft:climb_one_cm":2414,"minecraft:sprint_one_cm":580749,"minecraft:walk_one_cm":414764,"minecraft:damage_blocked_by_shield":4824,"minecraft:drop":54,"minecraft:play_time":166637,"minecraft:deaths":11,"minecraft:sneak_time":5311,"minecraft:walk_under_water_one_cm":7329,"minecraft:jump":3432,"minecraft:walk_on_water_one_cm":3615,"minecraft:total_world_time":166637,"minecraft:interact_with_furnace":41,"tombstone:raider_killed":9,"minecraft:sleep_in_bed":12,"minecraft:time_since_rest":1013,"minecraft:damage_taken":7490,"minecraft:damage_absorbed":80,"minecraft:trigger_trapped_chest":3,"minecraft:damage_dealt":17168,"minecraft:swim_one_cm":8263,"minecraft:fly_one_cm":658276,"minecraft:player_kills":1,"minecraft:open_chest":29,"minecraft:crouch_one_cm":18530,"tombstone:undead_killed":32,"minecraft:fall_one_cm":79827},"minecraft:mined":{"minecraft:dark_oak_planks":6,"luminousworld:groundpebbles_1":4,"iceandfire:silver_ore":11,"minecraft:white_bed":3,"iceandfire:copper_pile":2,"minecraft:dark_oak_log":3,"minecraft:grass_block":8,"luminousworld:grassvariant_2":2,"minecraft:coal_block":15,"luminousworld:groundpebbles_3":5,"minecraft:hay_block":6,"luminousworld:sunset_petunias":1,"minecraft:iron_ore":5,"minecraft:bookshelf":21,"iceandfire:gold_pile":2,"minecraft:dirt_path":1,"minecraft:oak_stairs":1,"ecologics:walnut_log":4,"iceandfire:dread_stone_bricks_cracked":1,"minecraft:stone":92,"minecraft:oak_slab":1,"born_in_chaos_v1:marigolds":1,"minecraft:dandelion":1,"minecraft:crafting_table":14,"minecraft:dark_oak_wood":4,"ecologics:walnut_leaves":1,"quark:blossom_log":3,"minecraft:lectern":1,"luminousworld:auburnlog":7,"minecraft:cobblestone":4,"minecraft:copper_ore":4,"minecraft:tall_grass":15,"minecraft:oak_planks":9,"minecraft:skeleton_skull":1,"minecraft:birch_log":2,"luminousworld:autumnplank":8,"minecraft:wither_rose":1,"minecraft:grass":9,"minecraft:coal_ore":37,"minecraft:oak_log":45,"iceandfire:silver_pile":12,"minecraft:gravel":18,"minecraft:dirt":2,"minecraft:cobweb":8,"minecraft:oak_leaves":11,"iceandfire:dread_stone_bricks":2},"minecraft:killed_by":{"minecraft:creeper":1,"iceandfire:dread_thrall":1,"iceandfire:dread_ghoul":2,"iceandfire:dread_knight":3,"enemyexpansion:wasp":2,"iceandfire:ghost":1,"mowziesmobs:naga":1},"minecraft:crafted":{"minecraft:oak_planks":80,"minecraft:stone_shovel":1,"ecologics:walnut_planks":16,"minecraft:furnace":2,"iceandfire:armor_copper_metal_leggings":1,"minecraft:stone_pickaxe":1,"minecraft:dark_oak_planks":28,"minecraft:stone_hoe":1,"minecraft:cooked_beef":8,"minecraft:wheat":54,"minecraft:coal_block":5,"luminousworld:autumnplank":28,"minecraft:arrow":8,"iceandfire:silver_ingot":14,"minecraft:crafting_table":1,"minecraft:wooden_pickaxe":1,"minecraft:baked_potato":14,"minecraft:copper_ingot":13,"minecraft:birch_planks":8,"minecraft:stone_axe":2,"minecraft:air":0,"minecraft:bread":43,"iceandfire:armor_silver_metal_helmet":1,"minecraft:cobblestone":1,"minecraft:shield":2,"minecraft:stick":28,"quark:oak_chest":1,"minecraft:stone_sword":1,"minecraft:white_bed":2,"minecraft:torch":12,"iceandfire:silver_pickaxe":1,"iceandfire:silver_sword":1},"minecraft:killed":{"luminousworld:frostbitten_zombie":2,"undead_revamp2:thehunter":1,"minecraft:spider":1,"minecraft:vindicator":1,"alexsmobs:seagull":1,"enemyexpansion:direwolf":1,"undead_revamp2:theswarmer":1,"iceandfire:dread_knight":8,"iceandfire:dread_thrall":10,"iceandfire:dread_scuttler":3,"minecraft:cat":2,"minecraft:pig":6,"undead_revamp2:the_moonflower":1,"enemyexpansion:sprinter":1,"born_in_chaos_v1:decrepit_skeleton":2,"luminousworld:mourning_cloak":1,"born_in_chaos_v1:zombie_fisherman":1,"minecraft:pillager":8,"iceandfire:ghost":3,"born_in_chaos_v1:corpse_fly":2,"iceandfire:dread_ghoul":2,"enemyexpansion:wasp":1,"minecraft:cow":4},"minecraft:broken":{"minecraft:leather_helmet":1,"minecraft:leather_chestplate":1,"minecraft:shield":1,"minecraft:stone_axe":1,"minecraft:iron_sword":1},"minecraft:used":{"minecraft:oak_trapdoor":1,"minecraft:stone_sword":45,"iceandfire:silver_sword":70,"iceandfire:armor_copper_metal_leggings":1,"minecraft:stone_shovel":18,"minecraft:shield":109,"minecraft:iron_sword":261,"minecraft:grass":2,"minecraft:stone_hoe":4,"minecraft:rotten_flesh":1,"minecraft:torch":2,"minecraft:dirt":13,"iceandfire:copper_sword":41,"iceandfire:pixie_dust":1,"minecraft:chainmail_chestplate":1,"minecraft:carrot":47,"iceandfire:armor_silver_metal_helmet":1,"minecraft:dark_oak_planks":32,"minecraft:lantern":3,"minecraft:oak_stairs":1,"ecologics:walnut_planks":16,"minecraft:beef":2,"minecraft:tall_grass":1,"minecraft:furnace":2,"tombstone:gift":8,"undead_revamp2:arapholia":1,"minecraft:cooked_beef":6,"minecraft:iron_leggings":1,"quark:blossom_log":3,"luminousworld:autumnplank":23,"minecraft:baked_potato":13,"minecraft:stone_pickaxe":124,"minecraft:oak_planks":55,"minecraft:ender_pearl":1,"minecraft:wooden_pickaxe":9,"minecraft:salmon":1,"minecraft:golden_apple":2,"minecraft:crafting_table":15,"minecraft:oak_slab":1,"minecraft:white_bed":4,"iceandfire:silver_pickaxe":3,"tombstone:bag_of_seeds":2,"minecraft:sunflower":4,"minecraft:bread":56,"minecraft:iron_pickaxe":53,"iceandfire:graveyard_soil":7,"minecraft:gravel":15,"minecraft:stone_axe":132,"minecraft:cobblestone":81,"minecraft:chainmail_boots":1,"quark:oak_chest":1,"minecraft:dandelion":1,"iceandfire:dread_stone_bricks_cracked":1}},"DataVersion":3465}