{"stats":{"minecraft:picked_up":{"minecraft:birch_log":2,"minecraft:crafting_table":10,"minecraft:wheat":47,"minecraft:leather_chestplate":1,"minecraft:leather_leggings":2,"minecraft:leather":3,"minecraft:oak_log":45,"minecraft:string":5,"minecraft:dirt":12,"minecraft:lantern":1,"minecraft:bone":1,"minecraft:wheat_seeds":102,"minecraft:gold_nugget":12,"minecraft:iron_ingot":2,"minecraft:beef":10,"minecraft:iron_pickaxe":1,"minecraft:lectern":1,"minecraft:coal_block":8,"minecraft:oak_planks":3,"minecraft:iron_sword":1,"minecraft:book":63,"minecraft:stick":4,"iceandfire:copper_nugget":14,"luminousworld:auburnlog":7,"minecraft:dandelion":2,"luminousworld:sunset_petunias":1,"minecraft:porkchop":8,"tombstone:grave_dust":1,"minecraft:white_bed":2,"minecraft:leather_helmet":2,"minecraft:rotten_flesh":4,"minecraft:diamond_boots":1,"minecraft:hay_block":3,"minecraft:bread":2,"iceandfire:silver_nugget":40,"minecraft:oak_sapling":3,"minecraft:coal":26,"minecraft:ender_pearl":1,"minecraft:cobblestone":25,"minecraft:sunflower":4},"minecraft:dropped":{"minecraft:wheat_seeds":44,"minecraft:stone_sword":1,"minecraft:rotten_flesh":4,"minecraft:white_bed":1,"minecraft:stick":4,"minecraft:oak_sapling":1,"minecraft:dandelion":1},"minecraft:mined":{"minecraft:white_bed":2,"born_in_chaos_v1:marigolds":1,"iceandfire:copper_pile":2,"minecraft:dandelion":1,"minecraft:crafting_table":10,"minecraft:grass_block":7,"minecraft:lectern":1,"luminousworld:auburnlog":7,"luminousworld:grassvariant_2":1,"minecraft:coal_block":8,"minecraft:tall_grass":2,"minecraft:oak_planks":3,"minecraft:hay_block":3,"luminousworld:sunset_petunias":1,"minecraft:birch_log":2,"minecraft:grass":5,"iceandfire:silver_pile":12,"minecraft:bookshelf":21,"minecraft:oak_log":45,"minecraft:coal_ore":26,"iceandfire:gold_pile":2,"minecraft:dirt_path":1,"minecraft:dirt":2,"minecraft:stone":25,"minecraft:oak_leaves":11},"minecraft:custom":{"minecraft:interact_with_furnace":5,"minecraft:mob_kills":15,"minecraft:interact_with_crafting_table":14,"minecraft:damage_dealt_resisted":19,"minecraft:time_since_death":43889,"minecraft:sleep_in_bed":6,"minecraft:climb_one_cm":1551,"minecraft:time_since_rest":5032,"minecraft:sprint_one_cm":240502,"minecraft:damage_taken":1534,"minecraft:walk_one_cm":121925,"minecraft:drop":10,"minecraft:damage_dealt":1902,"minecraft:swim_one_cm":3512,"minecraft:fly_one_cm":183708,"minecraft:open_chest":10,"minecraft:crouch_one_cm":3954,"minecraft:play_time":52637,"tombstone:undead_killed":3,"minecraft:deaths":3,"minecraft:sneak_time":1321,"minecraft:walk_under_water_one_cm":446,"minecraft:jump":1033,"minecraft:walk_on_water_one_cm":263,"minecraft:total_world_time":52637,"minecraft:fall_one_cm":23644},"minecraft:killed_by":{"minecraft:creeper":1,"enemyexpansion:wasp":2},"minecraft:crafted":{"luminousworld:autumnplank":28,"minecraft:oak_planks":24,"iceandfire:silver_ingot":4,"minecraft:crafting_table":1,"minecraft:wooden_pickaxe":1,"minecraft:copper_ingot":1,"minecraft:birch_planks":8,"minecraft:stone_axe":1,"minecraft:bread":24,"minecraft:shield":1,"minecraft:stick":12,"minecraft:stone_pickaxe":1,"minecraft:stone_sword":1,"minecraft:torch":12,"minecraft:stone_hoe":1,"minecraft:wheat":27},"minecraft:used":{"minecraft:stone_sword":29,"minecraft:stone_pickaxe":49,"minecraft:oak_planks":6,"minecraft:wooden_pickaxe":9,"minecraft:grass":2,"minecraft:stone_hoe":1,"minecraft:dirt":12,"minecraft:crafting_table":10,"minecraft:white_bed":1,"minecraft:sunflower":4,"minecraft:lantern":1,"minecraft:bread":21,"minecraft:iron_pickaxe":17,"minecraft:stone_axe":94,"minecraft:cobblestone":15,"minecraft:beef":2,"minecraft:tall_grass":1,"tombstone:gift":4,"minecraft:dandelion":1},"minecraft:killed":{"minecraft:cat":1,"minecraft:pig":4,"undead_revamp2:thehunter":1,"enemyexpansion:sprinter":1,"enemyexpansion:direwolf":1,"born_in_chaos_v1:decrepit_skeleton":1,"enemyexpansion:wasp":1,"minecraft:cow":4}},"DataVersion":3465}