{"stats":{"minecraft:custom":{"minecraft:jump":106,"minecraft:time_since_rest":702,"minecraft:walk_on_water_one_cm":165,"minecraft:crouch_one_cm":114,"minecraft:damage_dealt":50,"minecraft:deaths":1,"minecraft:sprint_one_cm":16450,"minecraft:play_time":3064,"minecraft:damage_taken":310,"minecraft:time_since_death":1025,"minecraft:walk_one_cm":4561,"minecraft:sneak_time":29,"minecraft:total_world_time":3064,"minecraft:walk_under_water_one_cm":71,"minecraft:swim_one_cm":1795,"minecraft:fall_one_cm":3169,"minecraft:fly_one_cm":18732},"minecraft:killed_by":{"minecraft:creeper":1},"minecraft:mined":{"minecraft:birch_log":2,"minecraft:grass":1,"luminousworld:sunset_petunias":1,"born_in_chaos_v1:marigolds":1},"minecraft:picked_up":{"minecraft:birch_log":2,"luminousworld:sunset_petunias":1}},"DataVersion":3465}