{"stats":{"minecraft:picked_up":{"born_in_chaos_v1:corpse_maggot":3,"minecraft:leather_chestplate":1,"minecraft:crafting_table":2,"minecraft:wheat":1,"born_in_chaos_v1:monster_flesh":1,"luminousworld:ishstone":2,"minecraft:yellow_glazed_terracotta":3,"minecraft:magenta_bed":1,"minecraft:string":5,"minecraft:lantern":1,"born_in_chaos_v1:monster_skin":1,"minecraft:iron_leggings":1,"minecraft:item_frame":3,"minecraft:bone":1,"minecraft:experience_bottle":2,"minecraft:acacia_planks":2,"minecraft:apple":1,"minecraft:wheat_seeds":5,"minecraft:raw_gold":1,"minecraft:iron_ingot":5,"minecraft:poppy":2,"minecraft:iron_pickaxe":1,"minecraft:melon_slice":6,"minecraft:iron_sword":1,"minecraft:stick":1,"minecraft:raw_iron":5,"minecraft:acacia_fence":2,"minecraft:torch":8,"minecraft:acacia_log":10,"minecraft:dandelion":10,"minecraft:spruce_log":1,"minecraft:redstone":1,"minecraft:red_terracotta":7,"minecraft:arrow":1,"minecraft:rotten_flesh":37,"minecraft:hay_block":3,"minecraft:painting":2,"minecraft:yellow_terracotta":2,"minecraft:emerald":2,"minecraft:gold_ingot":2,"minecraft:acacia_slab":1,"minecraft:mutton":2,"minecraft:white_wool":2,"minecraft:coal":13,"minecraft:cobblestone":14},"minecraft:custom":{"minecraft:interact_with_smithing_table":1,"minecraft:interact_with_furnace":1,"minecraft:mob_kills":16,"minecraft:traded_with_villager":1,"minecraft:interact_with_crafting_table":10,"minecraft:open_barrel":7,"minecraft:bell_ring":1,"minecraft:leave_game":1,"minecraft:time_since_death":18832,"minecraft:climb_one_cm":5574,"minecraft:time_since_rest":17713,"minecraft:sprint_one_cm":183164,"minecraft:damage_taken":1346,"minecraft:walk_one_cm":200803,"minecraft:drop":17,"minecraft:damage_dealt":3449,"minecraft:swim_one_cm":630,"minecraft:talked_to_villager":11,"minecraft:fly_one_cm":230941,"minecraft:player_kills":1,"minecraft:open_chest":36,"minecraft:crouch_one_cm":11205,"minecraft:play_time":62355,"tombstone:undead_killed":8,"minecraft:deaths":2,"minecraft:sneak_time":3371,"minecraft:walk_under_water_one_cm":2022,"minecraft:jump":1161,"minecraft:walk_on_water_one_cm":1453,"minecraft:total_world_time":62355,"minecraft:fall_one_cm":37547,"minecraft:inspect_dispenser":1},"minecraft:used":{"minecraft:acacia_log":3,"minecraft:redstone":1,"minecraft:stone_pickaxe":3,"minecraft:wooden_pickaxe":3,"minecraft:iron_sword":24,"minecraft:rotten_flesh":1,"minecraft:torch":35,"minecraft:mutton":1,"minecraft:crafting_table":3,"iceandfire:pixie_dust":1,"tombstone:tablet_of_home":3,"sophisticatedbackpacks:backpack":1,"minecraft:apple":3,"minecraft:lantern":1,"minecraft:bread":15,"minecraft:iron_pickaxe":40,"minecraft:leather_helmet":1,"minecraft:item_frame":1,"minecraft:stone_axe":57,"minecraft:yellow_glazed_terracotta":3,"alexsmobs:animal_dictionary":3,"minecraft:acacia_planks":1,"minecraft:iron_leggings":1},"minecraft:killed":{"undead_revamp2:the_moonflower":2,"born_in_chaos_v1:maggot":2,"minecraft:sheep":2,"luminousworld:savannah_skeleton":1,"minecraft:zombie":2,"born_in_chaos_v1:dread_hound":1,"born_in_chaos_v1:corpse_fly":2,"luminousworld:savannah_zombie":3},"minecraft:dropped":{"luminousworld:ishstone":2,"minecraft:experience_bottle":1,"minecraft:rotten_flesh":36,"minecraft:red_terracotta":7,"iceandfire:shiny_scales":1,"minecraft:item_frame":2,"minecraft:filled_map":1,"minecraft:poppy":2,"minecraft:melon_slice":6,"minecraft:painting":1,"minecraft:wooden_pickaxe":1,"tombstone:familiar_receptacle":1,"minecraft:acacia_fence":2},"minecraft:killed_by":{"minecraft:player":1,"undead_revamp2:thespitter":1},"minecraft:mined":{"minecraft:yellow_terracotta":2,"minecraft:acacia_leaves":1,"minecraft:dandelion":10,"luminousworld:savannah_grass_1":1,"minecraft:crafting_table":2,"placeablesmod:apple_block":1,"minecraft:torch":3,"placeablesmod:wheat_block_1":1,"minecraft:acacia_log":10,"minecraft:melon":1,"minecraft:redstone_wire":1,"minecraft:tall_grass":1,"minecraft:acacia_slab":1,"minecraft:wall_torch":3,"luminousworld:savanna_grass_2":2,"minecraft:hay_block":3,"minecraft:red_terracotta":7,"minecraft:iron_ore":5,"minecraft:wheat":1,"minecraft:yellow_glazed_terracotta":3,"minecraft:grass":1,"minecraft:coal_ore":12,"minecraft:lantern":1,"minecraft:acacia_fence":1,"minecraft:acacia_planks":2,"minecraft:stone":14,"luminousworld:savannah_grass_4":3,"luminousworld:elephant_grass":1,"minecraft:gold_ore":1},"minecraft:crafted":{"minecraft:emerald":1,"minecraft:crafting_table":2,"minecraft:spruce_planks":4,"minecraft:wooden_pickaxe":1,"minecraft:stone_axe":1,"minecraft:air":0,"minecraft:stick":12,"minecraft:stone_pickaxe":1,"minecraft:acacia_planks":28,"minecraft:torch":28}},"DataVersion":3465}