{"stats":{"minecraft:custom":{"minecraft:jump":80,"minecraft:time_since_rest":817,"minecraft:deaths":1,"minecraft:damage_dealt":10,"minecraft:crouch_one_cm":191,"minecraft:damage_taken":295,"minecraft:sprint_one_cm":8578,"minecraft:play_time":3066,"minecraft:walk_on_water_one_cm":4539,"minecraft:time_since_death":1217,"minecraft:walk_one_cm":4756,"minecraft:sneak_time":40,"minecraft:total_world_time":3066,"minecraft:walk_under_water_one_cm":1768,"minecraft:swim_one_cm":2804,"minecraft:fall_one_cm":2579,"minecraft:fly_one_cm":18082},"minecraft:killed_by":{"born_in_chaos_v1:corpse_fish":1},"minecraft:mined":{"minecraft:grass":1}},"DataVersion":3465}