{"stats":{"minecraft:picked_up":{"iceandfire:dread_stone_bricks":1,"minecraft:clay_ball":3,"luminousworld:groundpebbles_1":1,"minecraft:crafting_table":2,"minecraft:wheat":21,"minecraft:azure_bluet":2,"born_in_chaos_v1:river_mint":2,"illagerinvasion:platinum_chunk":2,"minecraft:chicken":2,"minecraft:leather_leggings":3,"minecraft:enchanted_book":1,"tombstone:grave_key":1,"minecraft:cornflower":1,"minecraft:string":6,"minecraft:item_frame":1,"minecraft:armor_stand":4,"minecraft:white_carpet":3,"minecraft:beef":6,"iceandfire:dread_shard":4,"minecraft:wooden_shovel":1,"minecraft:sugar_cane":3,"minecraft:spruce_trapdoor":2,"minecraft:iron_boots":1,"minecraft:stick":1,"minecraft:raw_iron":1,"ecologics:walnut_log":3,"minecraft:oak_fence":2,"minecraft:torch":1,"minecraft:spruce_stairs":3,"minecraft:stone_button":1,"minecraft:cookie":5,"tombstone:grave_dust":4,"minecraft:carrot":32,"minecraft:dark_oak_planks":2,"luminousworld:grassflowers":1,"minecraft:stone_sword":2,"minecraft:arrow":15,"minecraft:rotten_flesh":23,"minecraft:peony":3,"minecraft:diamond_boots":3,"minecraft:hay_block":19,"ecologics:coconut_log":9,"supplementaries:ash":2,"undead_revamp2:arapholia":1,"minecraft:skeleton_skull":2,"minecraft:white_wool":4,"minecraft:cobblestone":15,"ecologics:walnut_planks":1,"born_in_chaos_v1:corpse_maggot":4,"minecraft:leather_chestplate":4,"minecraft:feather":1,"ecologics:coconut_planks":1,"minecraft:leather":5,"minecraft:potato":7,"minecraft:oak_log":1,"minecraft:chainmail_chestplate":1,"minecraft:dirt":9,"tombstone:gift":1,"minecraft:purple_carpet":2,"minecraft:bone":11,"minecraft:apple":2,"minecraft:bow":2,"minecraft:wheat_seeds":90,"minecraft:rabbit_hide":5,"minecraft:iron_ingot":3,"earthmobsmod:fancy_feather":4,"minecraft:stone_pickaxe":1,"minecraft:rabbit":2,"minecraft:iron_sword":2,"minecraft:oak_planks":3,"minecraft:book":1,"minecraft:dandelion":1,"minecraft:poisonous_potato":1,"minecraft:sand":1,"minecraft:white_bed":8,"minecraft:spruce_log":6,"minecraft:spider_eye":1,"minecraft:leather_helmet":5,"mowziesmobs:naga_fang":1,"minecraft:iron_hoe":1,"minecraft:purple_bed":5,"minecraft:writable_book":2,"minecraft:chainmail_leggings":1,"minecraft:bread":2,"minecraft:emerald":3,"tombstone:magic_scroll":2,"minecraft:damaged_anvil":1,"minecraft:black_wool":4,"minecraft:coal":14,"iceandfire:raw_silver":10,"minecraft:sunflower":2},"minecraft:mined":{"luminousworld:groundpebbles_1":1,"minecraft:white_bed":6,"iceandfire:silver_ore":10,"ecologics:coconut_planks":1,"luminousworld:grassvariant_4":1,"minecraft:grass_block":7,"placeablesmod:carrot_block_3":1,"luminousworld:grassvariant_2":14,"ecologics:coconut_log":9,"minecraft:spruce_leaves":1,"minecraft:hay_block":19,"minecraft:iron_ore":5,"minecraft:fire":4,"minecraft:peony":7,"minecraft:azure_bluet":3,"luminousworld:groundpebbles_2":1,"ecologics:walnut_log":3,"minecraft:stone":24,"minecraft:white_wool":3,"minecraft:dandelion":1,"minecraft:oak_fence":2,"minecraft:crafting_table":1,"minecraft:cornflower":1,"ecologics:walnut_leaves":3,"minecraft:rose_bush":1,"luminousworld:grassflowers":1,"minecraft:tall_grass":34,"minecraft:cobblestone":2,"minecraft:oak_planks":1,"minecraft:sugar_cane":1,"minecraft:damaged_anvil":1,"minecraft:wall_torch":1,"minecraft:spruce_stairs":2,"minecraft:purple_bed":5,"minecraft:white_carpet":1,"minecraft:spruce_log":6,"minecraft:grass":46,"minecraft:oak_log":1,"minecraft:coal_ore":14,"minecraft:sand":1,"minecraft:sunflower":7,"minecraft:dirt":4,"luminousworld:grassvariant_3":5,"minecraft:cobweb":1,"ecologics:walnut_planks":1,"minecraft:oak_leaves":5},"minecraft:broken":{"minecraft:leather_helmet":1,"minecraft:leather_chestplate":1,"minecraft:iron_sword":1,"minecraft:iron_helmet":1},"minecraft:dropped":{"minecraft:iron_sword":1,"minecraft:wheat_seeds":60,"minecraft:poisonous_potato":1,"minecraft:feather":1,"minecraft:cobblestone":16,"minecraft:spruce_stairs":3,"minecraft:leather_helmet":3,"minecraft:stick":4,"illagerinvasion:platinum_chunk":2,"born_in_chaos_v1:river_mint":2,"minecraft:stone_button":1,"minecraft:torch":1,"minecraft:cornflower":1,"tombstone:grave_key":1,"minecraft:wooden_axe":1,"minecraft:rabbit":2,"iceandfire:dread_stone_bricks":1,"tombstone:grave_dust":5,"minecraft:sunflower":2,"minecraft:string":2,"minecraft:dark_oak_planks":1,"iceandfire:dread_shard":4,"minecraft:bone":2,"minecraft:dandelion":1,"minecraft:stone_sword":2,"undead_revamp2:arapholia":1,"minecraft:chicken":1,"minecraft:white_carpet":2,"minecraft:rotten_flesh":11,"minecraft:clay_ball":3,"minecraft:oak_planks":2,"minecraft:azure_bluet":1,"minecraft:white_bed":1,"minecraft:chainmail_chestplate":2,"minecraft:rabbit_hide":5,"minecraft:leather_chestplate":2,"supplementaries:ash":3,"luminousworld:grassflowers":1,"minecraft:hay_block":5,"minecraft:spruce_trapdoor":2,"minecraft:peony":3,"minecraft:skeleton_skull":2,"luminousworld:groundpebbles_1":1,"minecraft:wooden_shovel":1,"earthmobsmod:fancy_feather":4,"minecraft:leather_leggings":2,"minecraft:spider_eye":1,"minecraft:diamond_boots":2,"minecraft:bow":1,"minecraft:stone_pickaxe":1,"minecraft:black_wool":4,"minecraft:purple_carpet":2},"minecraft:custom":{"minecraft:mob_kills":69,"minecraft:interact_with_crafting_table":26,"minecraft:damage_dealt_resisted":15,"minecraft:leave_game":4,"minecraft:time_since_death":5100,"minecraft:climb_one_cm":140,"minecraft:sprint_one_cm":612710,"minecraft:walk_one_cm":668638,"minecraft:drop":79,"minecraft:damage_dealt_absorbed":6,"minecraft:play_time":162974,"minecraft:deaths":17,"minecraft:sneak_time":10026,"minecraft:walk_under_water_one_cm":14364,"minecraft:jump":3755,"minecraft:walk_on_water_one_cm":34360,"minecraft:total_world_time":162974,"minecraft:interact_with_furnace":21,"tombstone:raider_killed":8,"minecraft:sleep_in_bed":12,"minecraft:time_since_rest":4774,"minecraft:damage_taken":7707,"minecraft:trigger_trapped_chest":1,"minecraft:damage_dealt":17487,"minecraft:swim_one_cm":46072,"minecraft:fly_one_cm":738368,"minecraft:open_chest":11,"minecraft:crouch_one_cm":42007,"tombstone:undead_killed":32,"minecraft:fall_one_cm":109125},"minecraft:killed":{"alexsmobs:hummingbird":1,"minecraft:spider":2,"alexsmobs:seagull":1,"born_in_chaos_v1:maggot":5,"creeperoverhaul:snowy_creeper":1,"minecraft:skeleton":3,"iceandfire:dread_knight":10,"iceandfire:dread_thrall":7,"iceandfire:dread_scuttler":2,"born_in_chaos_v1:barrel_zombie":1,"alexsmobs:grizzly_bear":1,"undead_revamp2:the_moonflower":5,"earthmobsmod:umbra_cow":3,"minecraft:pillager":8,"minecraft:zombie":1,"iceandfire:ghost":2,"born_in_chaos_v1:corpse_fly":8,"enemyexpansion:huntsman":1,"minecraft:stray":1,"iceandfire:dread_ghoul":1},"minecraft:used":{"minecraft:stone_sword":84,"iceandfire:silver_sword":151,"minecraft:armor_stand":1,"minecraft:iron_sword":258,"ecologics:coconut_planks":28,"minecraft:rotten_flesh":12,"minecraft:dirt":9,"minecraft:white_carpet":1,"minecraft:chainmail_chestplate":3,"minecraft:carrot":37,"minecraft:azure_bluet":1,"born_in_chaos_v1:corpse_maggot":6,"minecraft:wooden_axe":23,"minecraft:iron_helmet":1,"ecologics:walnut_planks":13,"minecraft:bow":10,"tombstone:gift":4,"minecraft:leather_leggings":3,"minecraft:stone_pickaxe":15,"minecraft:oak_planks":1,"minecraft:leather_chestplate":1,"minecraft:cookie":4,"minecraft:sand":1,"minecraft:crafting_table":2,"minecraft:white_bed":6,"iceandfire:armor_silver_metal_chestplate":4,"minecraft:apple":2,"minecraft:iron_pickaxe":44,"minecraft:bread":50,"tombstone:magic_scroll":2,"minecraft:leather_helmet":1,"minecraft:cobblestone":1,"minecraft:purple_bed":5,"minecraft:chainmail_leggings":3},"minecraft:crafted":{"minecraft:oak_planks":4,"ecologics:coconut_planks":36,"ecologics:walnut_planks":12,"iceandfire:armor_silver_metal_chestplate":1,"minecraft:wheat":126,"iceandfire:silver_ingot":9,"minecraft:crafting_table":1,"minecraft:spruce_planks":24,"minecraft:bread":49,"minecraft:air":0,"minecraft:stick":8,"minecraft:iron_pickaxe":1,"minecraft:wooden_axe":1,"iceandfire:silver_sword":1},"minecraft:killed_by":{"mowziesmobs:naga":2,"undead_revamp2:the_moonflower":1,"iceandfire:dread_scuttler":1,"minecraft:pillager":2,"born_in_chaos_v1:corpse_fly":2,"alexsmobs:bison":1,"iceandfire:dread_ghoul":1,"iceandfire:dread_knight":2,"minecraft:skeleton":1,"born_in_chaos_v1:corpse_fish":1,"born_in_chaos_v1:dread_hound":1}},"DataVersion":3465}