{"stats":{"minecraft:picked_up":{"iceandfire:dread_stone_bricks":1,"ecologics:walnut_planks":1,"luminousworld:groundpebbles_1":1,"minecraft:crafting_table":1,"minecraft:leather_chestplate":4,"minecraft:wheat":21,"minecraft:azure_bluet":2,"illagerinvasion:platinum_chunk":1,"minecraft:chicken":2,"minecraft:leather_leggings":3,"minecraft:potato":7,"minecraft:enchanted_book":1,"minecraft:oak_log":1,"minecraft:cornflower":1,"minecraft:string":2,"minecraft:dirt":9,"tombstone:gift":1,"minecraft:purple_carpet":2,"minecraft:item_frame":1,"minecraft:armor_stand":4,"minecraft:white_carpet":3,"minecraft:bone":7,"minecraft:apple":2,"minecraft:bow":2,"minecraft:wheat_seeds":29,"minecraft:rabbit_hide":5,"minecraft:iron_ingot":2,"earthmobsmod:fancy_feather":4,"minecraft:stone_pickaxe":1,"iceandfire:dread_shard":3,"minecraft:rabbit":2,"minecraft:sugar_cane":3,"minecraft:iron_sword":1,"minecraft:spruce_trapdoor":2,"minecraft:book":1,"minecraft:stick":1,"ecologics:walnut_log":3,"minecraft:oak_fence":2,"minecraft:dandelion":1,"minecraft:spruce_stairs":3,"minecraft:poisonous_potato":1,"minecraft:stone_button":1,"tombstone:grave_dust":1,"minecraft:white_bed":3,"minecraft:carrot":28,"minecraft:spider_eye":1,"minecraft:leather_helmet":5,"luminousworld:grassflowers":1,"minecraft:stone_sword":1,"minecraft:rotten_flesh":10,"minecraft:purple_bed":1,"minecraft:chainmail_leggings":1,"minecraft:peony":3,"minecraft:writable_book":2,"minecraft:diamond_boots":3,"minecraft:hay_block":14,"supplementaries:ash":2,"minecraft:cobblestone":12,"undead_revamp2:arapholia":1,"minecraft:white_wool":3,"minecraft:sunflower":2},"minecraft:dropped":{"undead_revamp2:arapholia":1,"minecraft:chicken":1,"minecraft:white_carpet":2,"minecraft:spruce_stairs":3,"minecraft:leather_helmet":3,"minecraft:stick":1,"luminousworld:grassflowers":1,"minecraft:leather_chestplate":2,"supplementaries:ash":2,"minecraft:stone_button":1,"minecraft:spruce_trapdoor":2,"minecraft:peony":3,"minecraft:cornflower":1,"luminousworld:groundpebbles_1":1,"minecraft:rabbit":2,"earthmobsmod:fancy_feather":2,"minecraft:spider_eye":1,"tombstone:grave_dust":2,"minecraft:leather_leggings":2,"minecraft:diamond_boots":2,"minecraft:sunflower":2,"minecraft:bow":1,"minecraft:dandelion":1,"minecraft:purple_carpet":2},"minecraft:custom":{"minecraft:mob_kills":15,"minecraft:interact_with_crafting_table":5,"minecraft:damage_dealt_resisted":2,"minecraft:leave_game":1,"minecraft:time_since_death":16,"minecraft:sleep_in_bed":6,"minecraft:time_since_rest":1,"minecraft:sprint_one_cm":325955,"minecraft:damage_taken":3736,"minecraft:walk_one_cm":298405,"minecraft:drop":34,"minecraft:damage_dealt":4342,"minecraft:damage_dealt_absorbed":6,"minecraft:swim_one_cm":11219,"minecraft:fly_one_cm":310630,"minecraft:open_chest":6,"minecraft:play_time":72874,"minecraft:crouch_one_cm":22866,"minecraft:sneak_time":5590,"tombstone:undead_killed":12,"minecraft:deaths":6,"minecraft:walk_under_water_one_cm":2352,"minecraft:jump":1690,"minecraft:walk_on_water_one_cm":7328,"minecraft:total_world_time":72874,"minecraft:fall_one_cm":54378},"minecraft:mined":{"minecraft:white_bed":2,"luminousworld:grassvariant_4":1,"minecraft:dandelion":1,"minecraft:oak_fence":2,"minecraft:cornflower":1,"minecraft:grass_block":7,"ecologics:walnut_leaves":3,"minecraft:rose_bush":1,"luminousworld:grassvariant_2":8,"minecraft:tall_grass":32,"minecraft:sugar_cane":1,"minecraft:hay_block":14,"minecraft:spruce_stairs":2,"minecraft:purple_bed":1,"minecraft:fire":1,"minecraft:white_carpet":1,"minecraft:peony":7,"minecraft:azure_bluet":2,"minecraft:grass":42,"minecraft:oak_log":1,"minecraft:sunflower":7,"minecraft:dirt":4,"luminousworld:grassvariant_3":2,"minecraft:cobweb":1,"luminousworld:groundpebbles_2":1,"ecologics:walnut_log":3,"ecologics:walnut_planks":1,"minecraft:stone":12,"minecraft:white_wool":3,"minecraft:oak_leaves":1},"minecraft:killed_by":{"iceandfire:dread_scuttler":1,"born_in_chaos_v1:corpse_fish":1,"alexsmobs:bison":1,"iceandfire:dread_ghoul":1,"born_in_chaos_v1:dread_hound":1,"iceandfire:dread_knight":1},"minecraft:crafted":{"minecraft:oak_planks":4,"ecologics:walnut_planks":12,"minecraft:bread":37,"minecraft:wheat":126},"minecraft:broken":{"minecraft:leather_chestplate":1},"minecraft:killed":{"alexsmobs:hummingbird":1,"undead_revamp2:the_moonflower":1,"iceandfire:dread_knight":6,"iceandfire:dread_thrall":2,"minecraft:stray":1,"enemyexpansion:huntsman":1,"iceandfire:dread_ghoul":1,"iceandfire:dread_scuttler":1},"minecraft:used":{"minecraft:leather_leggings":3,"minecraft:armor_stand":1,"minecraft:stone_pickaxe":13,"minecraft:leather_chestplate":1,"minecraft:iron_sword":152,"minecraft:dirt":9,"minecraft:white_carpet":1,"minecraft:carrot":20,"minecraft:white_bed":3,"minecraft:apple":2,"minecraft:bread":36,"minecraft:leather_helmet":1,"ecologics:walnut_planks":13,"minecraft:purple_bed":1,"tombstone:gift":4,"minecraft:chainmail_leggings":3}},"DataVersion":3465}