{"stats":{"minecraft:picked_up":{"ecologics:walnut_planks":1,"luminousworld:groundpebbles_1":1,"minecraft:leather_chestplate":4,"minecraft:wheat":21,"minecraft:azure_bluet":2,"illagerinvasion:platinum_chunk":1,"minecraft:chicken":1,"minecraft:leather_leggings":3,"minecraft:potato":7,"minecraft:enchanted_book":1,"minecraft:oak_log":1,"minecraft:cornflower":1,"minecraft:dirt":9,"minecraft:item_frame":1,"minecraft:purple_carpet":2,"minecraft:armor_stand":4,"minecraft:white_carpet":3,"minecraft:bone":6,"minecraft:apple":2,"minecraft:bow":1,"minecraft:wheat_seeds":29,"minecraft:rabbit_hide":5,"earthmobsmod:fancy_feather":2,"minecraft:stone_pickaxe":1,"minecraft:rabbit":2,"minecraft:sugar_cane":3,"minecraft:iron_sword":1,"minecraft:spruce_trapdoor":2,"minecraft:book":1,"minecraft:stick":1,"ecologics:walnut_log":3,"minecraft:oak_fence":2,"minecraft:dandelion":1,"minecraft:poisonous_potato":1,"minecraft:spruce_stairs":3,"minecraft:stone_button":1,"tombstone:grave_dust":1,"minecraft:white_bed":3,"minecraft:carrot":28,"minecraft:leather_helmet":4,"luminousworld:grassflowers":1,"minecraft:purple_bed":1,"minecraft:stone_sword":1,"minecraft:rotten_flesh":5,"minecraft:peony":3,"minecraft:writable_book":2,"minecraft:diamond_boots":3,"minecraft:hay_block":14,"supplementaries:ash":2,"undead_revamp2:arapholia":1,"minecraft:cobblestone":12,"minecraft:white_wool":3,"minecraft:sunflower":2},"minecraft:dropped":{"undead_revamp2:arapholia":1,"minecraft:white_carpet":2,"minecraft:spruce_stairs":3,"minecraft:leather_helmet":2,"minecraft:stick":1,"minecraft:leather_chestplate":1,"supplementaries:ash":2,"minecraft:stone_button":1,"minecraft:peony":3,"minecraft:cornflower":1,"luminousworld:groundpebbles_1":1,"minecraft:rabbit":2,"tombstone:grave_dust":2,"minecraft:leather_leggings":2,"minecraft:sunflower":2,"minecraft:diamond_boots":2,"minecraft:purple_carpet":2,"minecraft:dandelion":1},"minecraft:custom":{"minecraft:mob_kills":4,"minecraft:interact_with_crafting_table":3,"minecraft:damage_dealt_resisted":2,"minecraft:time_since_death":3769,"minecraft:sleep_in_bed":4,"minecraft:time_since_rest":3726,"minecraft:sprint_one_cm":213313,"minecraft:damage_taken":1629,"minecraft:walk_one_cm":175627,"minecraft:drop":26,"minecraft:damage_dealt":1059,"minecraft:swim_one_cm":11219,"minecraft:fly_one_cm":229397,"minecraft:open_chest":3,"minecraft:crouch_one_cm":19770,"minecraft:play_time":49076,"tombstone:undead_killed":2,"minecraft:deaths":3,"minecraft:sneak_time":4930,"minecraft:walk_under_water_one_cm":2352,"minecraft:jump":1203,"minecraft:walk_on_water_one_cm":7328,"minecraft:total_world_time":49076,"minecraft:fall_one_cm":43428},"minecraft:mined":{"minecraft:white_bed":2,"luminousworld:grassvariant_4":1,"minecraft:dandelion":1,"minecraft:oak_fence":2,"minecraft:cornflower":1,"minecraft:grass_block":7,"ecologics:walnut_leaves":3,"minecraft:rose_bush":1,"luminousworld:grassvariant_2":8,"minecraft:tall_grass":32,"minecraft:sugar_cane":1,"minecraft:hay_block":14,"minecraft:spruce_stairs":2,"minecraft:purple_bed":1,"minecraft:fire":1,"minecraft:white_carpet":1,"minecraft:azure_bluet":2,"minecraft:peony":7,"minecraft:grass":42,"minecraft:oak_log":1,"minecraft:sunflower":7,"minecraft:dirt":4,"luminousworld:grassvariant_3":2,"luminousworld:groundpebbles_2":1,"ecologics:walnut_log":3,"ecologics:walnut_planks":1,"minecraft:stone":12,"minecraft:white_wool":3,"minecraft:oak_leaves":1},"minecraft:killed_by":{"born_in_chaos_v1:corpse_fish":1,"alexsmobs:bison":1,"born_in_chaos_v1:dread_hound":1},"minecraft:crafted":{"minecraft:oak_planks":4,"ecologics:walnut_planks":12,"minecraft:bread":37,"minecraft:wheat":126},"minecraft:used":{"minecraft:armor_stand":1,"minecraft:stone_pickaxe":12,"minecraft:leather_chestplate":1,"minecraft:iron_sword":33,"minecraft:dirt":8,"minecraft:white_carpet":1,"minecraft:carrot":1,"minecraft:white_bed":3,"minecraft:apple":2,"minecraft:bread":20,"minecraft:leather_helmet":1,"ecologics:walnut_planks":13,"tombstone:gift":2},"minecraft:killed":{"alexsmobs:hummingbird":1,"undead_revamp2:the_moonflower":1,"enemyexpansion:huntsman":1}},"DataVersion":3465}