{"stats":{"minecraft:picked_up":{"iceandfire:dread_stone_bricks":1,"luminousworld:groundpebbles_1":1,"minecraft:crafting_table":1,"minecraft:wheat":21,"minecraft:azure_bluet":2,"illagerinvasion:platinum_chunk":1,"minecraft:chicken":2,"minecraft:leather_leggings":3,"minecraft:enchanted_book":1,"tombstone:grave_key":1,"minecraft:cornflower":1,"minecraft:string":2,"minecraft:armor_stand":4,"minecraft:item_frame":1,"minecraft:white_carpet":3,"iceandfire:dread_shard":4,"minecraft:sugar_cane":3,"minecraft:spruce_trapdoor":2,"minecraft:stick":1,"ecologics:walnut_log":3,"minecraft:oak_fence":2,"minecraft:torch":1,"minecraft:spruce_stairs":3,"minecraft:stone_button":1,"tombstone:grave_dust":1,"minecraft:carrot":31,"luminousworld:grassflowers":1,"minecraft:stone_sword":2,"minecraft:rotten_flesh":10,"minecraft:peony":3,"minecraft:diamond_boots":3,"minecraft:hay_block":14,"supplementaries:ash":2,"undead_revamp2:arapholia":1,"minecraft:white_wool":3,"minecraft:cobblestone":14,"ecologics:walnut_planks":1,"born_in_chaos_v1:corpse_maggot":3,"minecraft:leather_chestplate":4,"minecraft:potato":7,"minecraft:oak_log":1,"minecraft:chainmail_chestplate":1,"minecraft:dirt":9,"tombstone:gift":1,"minecraft:purple_carpet":2,"minecraft:bone":8,"minecraft:apple":2,"minecraft:bow":2,"minecraft:wheat_seeds":29,"minecraft:rabbit_hide":5,"minecraft:stone_pickaxe":1,"earthmobsmod:fancy_feather":4,"minecraft:iron_ingot":3,"minecraft:rabbit":2,"minecraft:iron_sword":2,"minecraft:book":1,"minecraft:dandelion":1,"minecraft:poisonous_potato":1,"minecraft:white_bed":3,"minecraft:spider_eye":1,"minecraft:leather_helmet":5,"minecraft:iron_hoe":1,"minecraft:purple_bed":1,"minecraft:writable_book":2,"minecraft:chainmail_leggings":1,"iceandfire:raw_silver":5,"minecraft:sunflower":2},"minecraft:dropped":{"minecraft:iron_sword":1,"minecraft:cobblestone":15,"minecraft:spruce_stairs":3,"minecraft:leather_helmet":3,"minecraft:stick":1,"minecraft:stone_button":1,"minecraft:cornflower":1,"minecraft:rabbit":2,"tombstone:grave_dust":2,"minecraft:sunflower":2,"minecraft:dandelion":1,"minecraft:stone_sword":2,"undead_revamp2:arapholia":1,"minecraft:chicken":1,"minecraft:white_carpet":2,"minecraft:leather_chestplate":2,"supplementaries:ash":2,"luminousworld:grassflowers":1,"minecraft:peony":3,"minecraft:spruce_trapdoor":2,"luminousworld:groundpebbles_1":1,"earthmobsmod:fancy_feather":2,"minecraft:leather_leggings":2,"minecraft:spider_eye":1,"minecraft:diamond_boots":2,"minecraft:stone_pickaxe":1,"minecraft:bow":1,"minecraft:purple_carpet":2},"minecraft:custom":{"minecraft:mob_kills":31,"minecraft:interact_with_crafting_table":11,"minecraft:damage_dealt_resisted":15,"minecraft:leave_game":1,"minecraft:time_since_death":10592,"minecraft:climb_one_cm":140,"minecraft:sprint_one_cm":390015,"minecraft:walk_one_cm":439999,"minecraft:drop":40,"minecraft:damage_dealt_absorbed":6,"minecraft:play_time":96874,"minecraft:deaths":9,"minecraft:sneak_time":8061,"minecraft:walk_under_water_one_cm":2352,"minecraft:jump":2015,"minecraft:walk_on_water_one_cm":7328,"minecraft:total_world_time":96874,"minecraft:interact_with_furnace":3,"minecraft:sleep_in_bed":6,"minecraft:time_since_rest":10323,"minecraft:damage_taken":5376,"minecraft:trigger_trapped_chest":1,"minecraft:damage_dealt":8333,"minecraft:swim_one_cm":11219,"minecraft:fly_one_cm":373574,"minecraft:open_chest":8,"minecraft:crouch_one_cm":35292,"tombstone:undead_killed":23,"minecraft:fall_one_cm":60346},"minecraft:mined":{"minecraft:white_bed":2,"iceandfire:silver_ore":5,"luminousworld:grassvariant_4":1,"minecraft:grass_block":7,"placeablesmod:carrot_block_3":1,"luminousworld:grassvariant_2":8,"minecraft:hay_block":14,"minecraft:iron_ore":1,"minecraft:fire":1,"minecraft:azure_bluet":2,"minecraft:peony":7,"ecologics:walnut_log":3,"luminousworld:groundpebbles_2":1,"minecraft:stone":12,"minecraft:white_wool":3,"minecraft:dandelion":1,"minecraft:oak_fence":2,"minecraft:cornflower":1,"ecologics:walnut_leaves":3,"minecraft:rose_bush":1,"minecraft:tall_grass":32,"minecraft:cobblestone":2,"minecraft:sugar_cane":1,"minecraft:wall_torch":1,"minecraft:spruce_stairs":2,"minecraft:purple_bed":1,"minecraft:white_carpet":1,"minecraft:grass":42,"minecraft:oak_log":1,"minecraft:sunflower":7,"minecraft:dirt":4,"luminousworld:grassvariant_3":2,"minecraft:cobweb":1,"ecologics:walnut_planks":1,"minecraft:oak_leaves":1},"minecraft:killed_by":{"iceandfire:dread_scuttler":1,"born_in_chaos_v1:corpse_fly":2,"alexsmobs:bison":1,"iceandfire:dread_ghoul":1,"iceandfire:dread_knight":2,"born_in_chaos_v1:corpse_fish":1,"born_in_chaos_v1:dread_hound":1},"minecraft:crafted":{"minecraft:oak_planks":4,"ecologics:walnut_planks":12,"minecraft:wheat":126,"minecraft:bread":49,"minecraft:stick":4,"minecraft:iron_pickaxe":1},"minecraft:broken":{"minecraft:leather_chestplate":1,"minecraft:iron_sword":1},"minecraft:killed":{"alexsmobs:hummingbird":1,"iceandfire:dread_knight":10,"iceandfire:dread_thrall":7,"iceandfire:dread_scuttler":2,"undead_revamp2:the_moonflower":1,"iceandfire:ghost":2,"born_in_chaos_v1:corpse_fly":4,"enemyexpansion:huntsman":1,"minecraft:stray":1,"iceandfire:dread_ghoul":1},"minecraft:used":{"minecraft:stone_sword":38,"minecraft:armor_stand":1,"minecraft:iron_sword":258,"minecraft:rotten_flesh":10,"minecraft:dirt":9,"minecraft:white_carpet":1,"minecraft:carrot":36,"minecraft:azure_bluet":1,"ecologics:walnut_planks":13,"tombstone:gift":4,"minecraft:leather_leggings":3,"minecraft:stone_pickaxe":15,"minecraft:leather_chestplate":1,"minecraft:crafting_table":1,"minecraft:white_bed":3,"minecraft:apple":2,"minecraft:bread":41,"minecraft:iron_pickaxe":6,"minecraft:leather_helmet":1,"minecraft:cobblestone":1,"minecraft:purple_bed":1,"minecraft:chainmail_leggings":3}},"DataVersion":3465}