{"stats":{"minecraft:picked_up":{"iceandfire:dread_stone_bricks":1,"luminousworld:groundpebbles_1":1,"minecraft:crafting_table":1,"minecraft:wheat":21,"minecraft:azure_bluet":2,"illagerinvasion:platinum_chunk":1,"minecraft:chicken":2,"minecraft:leather_leggings":3,"minecraft:enchanted_book":1,"tombstone:grave_key":1,"minecraft:cornflower":1,"minecraft:string":2,"minecraft:armor_stand":4,"minecraft:item_frame":1,"minecraft:white_carpet":3,"iceandfire:dread_shard":4,"minecraft:sugar_cane":3,"minecraft:spruce_trapdoor":2,"minecraft:stick":1,"minecraft:raw_iron":1,"ecologics:walnut_log":3,"minecraft:oak_fence":2,"minecraft:torch":1,"minecraft:spruce_stairs":3,"minecraft:cookie":5,"minecraft:stone_button":1,"tombstone:grave_dust":3,"minecraft:carrot":31,"minecraft:dark_oak_planks":1,"luminousworld:grassflowers":1,"minecraft:stone_sword":2,"minecraft:arrow":10,"minecraft:rotten_flesh":17,"minecraft:peony":3,"minecraft:diamond_boots":3,"minecraft:hay_block":14,"supplementaries:ash":2,"minecraft:skeleton_skull":2,"undead_revamp2:arapholia":1,"minecraft:white_wool":4,"minecraft:cobblestone":14,"ecologics:walnut_planks":1,"born_in_chaos_v1:corpse_maggot":3,"minecraft:leather_chestplate":4,"minecraft:feather":1,"minecraft:potato":7,"minecraft:oak_log":1,"minecraft:chainmail_chestplate":1,"minecraft:dirt":9,"tombstone:gift":1,"minecraft:purple_carpet":2,"minecraft:bone":9,"minecraft:apple":2,"minecraft:bow":2,"minecraft:wheat_seeds":29,"minecraft:rabbit_hide":5,"minecraft:stone_pickaxe":1,"earthmobsmod:fancy_feather":4,"minecraft:iron_ingot":3,"minecraft:rabbit":2,"minecraft:iron_sword":2,"minecraft:book":1,"minecraft:dandelion":1,"minecraft:poisonous_potato":1,"minecraft:white_bed":4,"minecraft:spider_eye":1,"minecraft:leather_helmet":5,"mowziesmobs:naga_fang":1,"minecraft:iron_hoe":1,"minecraft:purple_bed":2,"minecraft:writable_book":2,"minecraft:chainmail_leggings":1,"minecraft:coal":14,"iceandfire:raw_silver":8,"minecraft:sunflower":2},"minecraft:dropped":{"minecraft:iron_sword":1,"minecraft:poisonous_potato":1,"minecraft:feather":1,"minecraft:cobblestone":15,"minecraft:spruce_stairs":3,"minecraft:leather_helmet":3,"minecraft:stick":1,"illagerinvasion:platinum_chunk":1,"minecraft:stone_button":1,"minecraft:cornflower":1,"tombstone:grave_key":1,"minecraft:rabbit":2,"iceandfire:dread_stone_bricks":1,"tombstone:grave_dust":2,"minecraft:sunflower":2,"minecraft:string":2,"minecraft:dandelion":1,"minecraft:stone_sword":2,"undead_revamp2:arapholia":1,"minecraft:chicken":1,"minecraft:white_carpet":2,"minecraft:azure_bluet":1,"minecraft:chainmail_chestplate":1,"minecraft:leather_chestplate":2,"supplementaries:ash":2,"luminousworld:grassflowers":1,"minecraft:peony":3,"minecraft:spruce_trapdoor":2,"minecraft:skeleton_skull":2,"luminousworld:groundpebbles_1":1,"earthmobsmod:fancy_feather":2,"minecraft:leather_leggings":2,"minecraft:spider_eye":1,"minecraft:diamond_boots":2,"minecraft:stone_pickaxe":1,"minecraft:bow":1,"minecraft:purple_carpet":2},"minecraft:custom":{"minecraft:mob_kills":42,"minecraft:interact_with_crafting_table":20,"minecraft:damage_dealt_resisted":15,"minecraft:leave_game":1,"minecraft:time_since_death":14434,"minecraft:climb_one_cm":140,"minecraft:sprint_one_cm":488805,"minecraft:walk_one_cm":506714,"minecraft:drop":50,"minecraft:damage_dealt_absorbed":6,"minecraft:play_time":120874,"minecraft:deaths":11,"minecraft:sneak_time":8514,"minecraft:walk_under_water_one_cm":5008,"minecraft:jump":2775,"minecraft:walk_on_water_one_cm":8896,"minecraft:total_world_time":120874,"minecraft:interact_with_furnace":18,"minecraft:sleep_in_bed":9,"minecraft:time_since_rest":1013,"minecraft:damage_taken":6385,"minecraft:trigger_trapped_chest":1,"minecraft:damage_dealt":10497,"minecraft:swim_one_cm":11604,"minecraft:fly_one_cm":568266,"minecraft:open_chest":11,"minecraft:crouch_one_cm":37073,"tombstone:undead_killed":28,"minecraft:fall_one_cm":83029},"minecraft:mined":{"luminousworld:groundpebbles_1":1,"minecraft:white_bed":3,"iceandfire:silver_ore":8,"luminousworld:grassvariant_4":1,"minecraft:grass_block":7,"placeablesmod:carrot_block_3":1,"luminousworld:grassvariant_2":8,"minecraft:hay_block":14,"minecraft:iron_ore":5,"minecraft:fire":1,"minecraft:azure_bluet":3,"minecraft:peony":7,"ecologics:walnut_log":3,"luminousworld:groundpebbles_2":1,"minecraft:stone":23,"minecraft:white_wool":3,"minecraft:dandelion":1,"minecraft:oak_fence":2,"minecraft:cornflower":1,"ecologics:walnut_leaves":3,"minecraft:rose_bush":1,"minecraft:tall_grass":32,"minecraft:cobblestone":2,"minecraft:sugar_cane":1,"minecraft:wall_torch":1,"minecraft:spruce_stairs":2,"minecraft:purple_bed":2,"minecraft:white_carpet":1,"minecraft:grass":42,"minecraft:coal_ore":14,"minecraft:oak_log":1,"minecraft:sunflower":7,"minecraft:dirt":4,"luminousworld:grassvariant_3":2,"minecraft:cobweb":1,"ecologics:walnut_planks":1,"minecraft:oak_leaves":1},"minecraft:killed_by":{"mowziesmobs:naga":1,"iceandfire:dread_scuttler":1,"born_in_chaos_v1:corpse_fly":2,"alexsmobs:bison":1,"iceandfire:dread_ghoul":1,"iceandfire:dread_knight":2,"born_in_chaos_v1:corpse_fish":1,"born_in_chaos_v1:dread_hound":1},"minecraft:crafted":{"minecraft:oak_planks":4,"ecologics:walnut_planks":12,"iceandfire:armor_silver_metal_chestplate":1,"minecraft:wheat":126,"iceandfire:silver_ingot":9,"minecraft:bread":49,"minecraft:air":0,"minecraft:stick":4,"minecraft:iron_pickaxe":1,"iceandfire:silver_sword":1},"minecraft:broken":{"minecraft:leather_chestplate":1,"minecraft:iron_sword":1},"minecraft:killed":{"alexsmobs:hummingbird":1,"alexsmobs:seagull":1,"born_in_chaos_v1:maggot":3,"creeperoverhaul:snowy_creeper":1,"iceandfire:dread_knight":10,"iceandfire:dread_thrall":7,"iceandfire:dread_scuttler":2,"undead_revamp2:the_moonflower":5,"minecraft:zombie":1,"iceandfire:ghost":2,"born_in_chaos_v1:corpse_fly":4,"enemyexpansion:huntsman":1,"minecraft:stray":1,"iceandfire:dread_ghoul":1},"minecraft:used":{"minecraft:stone_sword":84,"iceandfire:silver_sword":2,"minecraft:armor_stand":1,"minecraft:iron_sword":258,"minecraft:rotten_flesh":12,"minecraft:dirt":9,"minecraft:white_carpet":1,"minecraft:chainmail_chestplate":3,"minecraft:carrot":36,"minecraft:azure_bluet":1,"born_in_chaos_v1:corpse_maggot":6,"minecraft:iron_helmet":1,"ecologics:walnut_planks":13,"minecraft:bow":10,"tombstone:gift":4,"minecraft:leather_leggings":3,"minecraft:stone_pickaxe":15,"minecraft:leather_chestplate":1,"minecraft:cookie":4,"minecraft:crafting_table":1,"minecraft:white_bed":4,"iceandfire:armor_silver_metal_chestplate":4,"minecraft:apple":2,"minecraft:bread":48,"minecraft:iron_pickaxe":39,"minecraft:leather_helmet":1,"minecraft:cobblestone":1,"minecraft:purple_bed":2,"minecraft:chainmail_leggings":3}},"DataVersion":3465}