{"stats":{"minecraft:custom":{"minecraft:mob_kills":3,"minecraft:interact_with_crafting_table":1,"minecraft:damage_dealt_resisted":2,"minecraft:time_since_death":21223,"minecraft:sleep_in_bed":3,"minecraft:time_since_rest":2069,"minecraft:sprint_one_cm":110415,"minecraft:damage_taken":1181,"minecraft:walk_one_cm":116609,"minecraft:drop":8,"minecraft:damage_dealt":964,"minecraft:swim_one_cm":5428,"minecraft:fly_one_cm":94928,"minecraft:crouch_one_cm":6422,"minecraft:play_time":27066,"tombstone:undead_killed":2,"minecraft:deaths":2,"minecraft:sneak_time":1949,"minecraft:walk_under_water_one_cm":1768,"minecraft:jump":679,"minecraft:walk_on_water_one_cm":5792,"minecraft:total_world_time":27066,"minecraft:fall_one_cm":18196},"minecraft:dropped":{"minecraft:leather_helmet":2,"minecraft:leather_chestplate":1,"luminousworld:groundpebbles_1":1,"minecraft:rabbit":1,"minecraft:leather_leggings":2,"minecraft:diamond_boots":1},"minecraft:killed_by":{"born_in_chaos_v1:corpse_fish":1,"born_in_chaos_v1:dread_hound":1},"minecraft:killed":{"undead_revamp2:the_moonflower":1,"enemyexpansion:huntsman":1},"minecraft:used":{"minecraft:armor_stand":1,"minecraft:leather_chestplate":1,"minecraft:iron_sword":30,"minecraft:dirt":6,"minecraft:white_bed":3,"minecraft:bread":12,"minecraft:leather_helmet":1,"tombstone:gift":2},"minecraft:mined":{"minecraft:white_bed":2,"minecraft:dandelion":1,"minecraft:cornflower":1,"minecraft:grass_block":5,"ecologics:walnut_leaves":3,"minecraft:rose_bush":1,"minecraft:tall_grass":20,"minecraft:spruce_stairs":2,"minecraft:hay_block":3,"minecraft:grass":19,"minecraft:oak_log":1,"minecraft:sunflower":7,"minecraft:dirt":3,"luminousworld:groundpebbles_2":1,"ecologics:walnut_log":3,"minecraft:oak_leaves":1},"minecraft:crafted":{"minecraft:oak_planks":4,"ecologics:walnut_planks":12,"minecraft:bread":15,"minecraft:wheat":27},"minecraft:picked_up":{"luminousworld:groundpebbles_1":1,"minecraft:leather_chestplate":4,"minecraft:wheat":18,"minecraft:leather_leggings":3,"minecraft:enchanted_book":1,"minecraft:oak_log":1,"minecraft:cornflower":1,"minecraft:dirt":6,"minecraft:armor_stand":4,"minecraft:purple_carpet":2,"minecraft:item_frame":1,"minecraft:white_carpet":3,"minecraft:bone":6,"minecraft:apple":2,"minecraft:bow":1,"minecraft:wheat_seeds":25,"minecraft:rabbit_hide":5,"minecraft:stone_pickaxe":1,"minecraft:rabbit":2,"minecraft:iron_sword":1,"minecraft:spruce_trapdoor":2,"minecraft:book":1,"minecraft:stick":1,"ecologics:walnut_log":3,"minecraft:dandelion":1,"minecraft:spruce_stairs":3,"minecraft:stone_button":1,"minecraft:white_bed":3,"minecraft:leather_helmet":4,"minecraft:stone_sword":1,"minecraft:rotten_flesh":5,"minecraft:writable_book":2,"minecraft:diamond_boots":3,"minecraft:hay_block":3,"supplementaries:ash":2,"undead_revamp2:arapholia":1,"minecraft:sunflower":2}},"DataVersion":3465}