{"stats":{"minecraft:custom":{"minecraft:time_since_rest":8835,"minecraft:sprint_one_cm":57524,"minecraft:damage_taken":705,"minecraft:walk_one_cm":59164,"minecraft:drop":1,"minecraft:damage_dealt":46,"minecraft:swim_one_cm":5428,"minecraft:fly_one_cm":49662,"minecraft:crouch_one_cm":2495,"minecraft:play_time":15066,"minecraft:deaths":2,"minecraft:sneak_time":772,"minecraft:walk_under_water_one_cm":1768,"minecraft:jump":415,"minecraft:walk_on_water_one_cm":5792,"minecraft:time_since_death":9223,"minecraft:total_world_time":15066,"minecraft:fall_one_cm":10792},"minecraft:dropped":{"minecraft:rabbit":1},"minecraft:killed_by":{"born_in_chaos_v1:dread_hound":1,"born_in_chaos_v1:corpse_fish":1},"minecraft:used":{"minecraft:armor_stand":1,"minecraft:leather_helmet":1,"minecraft:leather_chestplate":1,"minecraft:dirt":4,"tombstone:gift":2},"minecraft:mined":{"minecraft:spruce_stairs":2,"minecraft:grass":6,"minecraft:grass_block":4,"minecraft:rose_bush":1,"minecraft:tall_grass":4},"minecraft:picked_up":{"minecraft:book":1,"minecraft:leather_chestplate":4,"minecraft:leather_leggings":3,"minecraft:spruce_stairs":2,"minecraft:enchanted_book":1,"minecraft:dirt":4,"minecraft:leather_helmet":4,"minecraft:item_frame":1,"minecraft:armor_stand":4,"minecraft:stone_sword":1,"minecraft:bone":3,"minecraft:rotten_flesh":3,"minecraft:bow":1,"minecraft:wheat_seeds":2,"minecraft:writable_book":2,"minecraft:diamond_boots":3,"minecraft:rabbit_hide":5,"minecraft:rabbit":2,"minecraft:iron_sword":1}},"DataVersion":3465}