{"stats":{"minecraft:picked_up":{"born_in_chaos_v1:corpse_maggot":1,"luminousworld:groundpebbles_1":4,"minecraft:crafting_table":4,"luminousworld:savannah_ground":1,"minecraft:wheat":23,"minecraft:clock":4,"born_in_chaos_v1:monster_flesh":1,"luminousworld:ishstone":10,"minecraft:leather":4,"minecraft:filled_map":1,"minecraft:enchanted_book":2,"minecraft:flint":5,"minecraft:gunpowder":2,"tombstone:familiar_receptacle":1,"minecraft:string":8,"aether:leather_gloves":1,"minecraft:lantern":2,"born_in_chaos_v1:monster_skin":1,"minecraft:iron_leggings":1,"minecraft:item_frame":4,"minecraft:experience_bottle":2,"minecraft:acacia_planks":3,"minecraft:wheat_seeds":39,"minecraft:beef":4,"minecraft:iron_ingot":3,"minecraft:player_head":2,"minecraft:melon_slice":6,"minecraft:furnace":2,"minecraft:book":4,"minecraft:stick":3,"minecraft:raw_iron":5,"minecraft:stone":1,"minecraft:acacia_fence":1,"minecraft:gravel":11,"minecraft:torch":1,"minecraft:acacia_log":12,"minecraft:dandelion":10,"iceandfire:shiny_scales":1,"minecraft:porkchop":3,"tombstone:grave_dust":2,"minecraft:bundle":1,"minecraft:rotten_flesh":1,"minecraft:hay_block":57,"luminousworld:tall_deadbush":1,"minecraft:emerald":1,"minecraft:gold_ingot":4,"supplementaries:ash":1,"minecraft:melon_seeds":1,"minecraft:coal":23,"minecraft:cobblestone":27,"minecraft:ender_pearl":1},"minecraft:custom":{"minecraft:interact_with_furnace":6,"minecraft:interact_with_smithing_table":1,"minecraft:mob_kills":17,"minecraft:traded_with_villager":2,"minecraft:open_barrel":6,"minecraft:interact_with_crafting_table":9,"minecraft:bell_ring":2,"minecraft:leave_game":1,"minecraft:time_since_death":36126,"minecraft:climb_one_cm":2472,"minecraft:time_since_rest":35582,"minecraft:sprint_one_cm":101421,"minecraft:damage_taken":815,"minecraft:walk_one_cm":159535,"minecraft:drop":12,"minecraft:damage_dealt":2921,"minecraft:talked_to_villager":7,"minecraft:fly_one_cm":126460,"minecraft:player_kills":1,"minecraft:open_chest":10,"minecraft:crouch_one_cm":17210,"minecraft:play_time":53961,"tombstone:undead_killed":7,"minecraft:deaths":1,"minecraft:sneak_time":4828,"minecraft:jump":664,"minecraft:interact_with_smoker":3,"minecraft:walk_on_water_one_cm":109,"minecraft:total_world_time":53961,"minecraft:fall_one_cm":15181},"minecraft:used":{"minecraft:stone_sword":60,"minecraft:stone_pickaxe":56,"luminousworld:tall_deadbush":1,"minecraft:wooden_pickaxe":14,"minecraft:leather_chestplate":1,"minecraft:torch":2,"minecraft:stone":1,"luminousworld:savannah_ground":1,"minecraft:leather_boots":1,"minecraft:player_head":1,"minecraft:stone_hoe":52,"minecraft:iron_chestplate":1,"endrem:lost_eye":1,"minecraft:stick":3,"minecraft:crafting_table":6,"iceandfire:pixie_dust":1,"luminousworld:ishbrick":8,"minecraft:book":1,"minecraft:string":1,"minecraft:lantern":1,"minecraft:bread":14,"minecraft:item_frame":1,"minecraft:stone_axe":21,"minecraft:enchanted_book":1,"minecraft:cobblestone":17,"minecraft:hay_block":2,"minecraft:furnace":1,"minecraft:porkchop":1,"alexsmobs:animal_dictionary":3,"minecraft:acacia_planks":2,"minecraft:experience_bottle":1,"minecraft:iron_leggings":2},"minecraft:killed":{"minecraft:pig":1,"enemyexpansion:intruder":2,"enemyexpansion:equestrian":1,"born_in_chaos_v1:maggot":1,"luminousworld:ringlet":1,"endermanoverhaul:cave_enderman":1,"minecraft:zombie":3,"born_in_chaos_v1:dread_hound":1,"luminousworld:savannah_zombie":3,"minecraft:cow":2},"minecraft:dropped":{"minecraft:wheat_seeds":39,"minecraft:player_head":1,"luminousworld:ishstone":2,"minecraft:rotten_flesh":1,"aether:leather_gloves":1,"minecraft:leather_chestplate":1,"minecraft:iron_leggings":1,"minecraft:wooden_pickaxe":1},"minecraft:killed_by":{"minecraft:player":1},"minecraft:mined":{"supplementaries:book_pile_horizontal":1,"luminousworld:tall_deadbush":2,"supplementaries:book_pile":1,"minecraft:player_wall_head":1,"minecraft:dandelion":10,"luminousworld:savannah_grass_1":4,"minecraft:crafting_table":4,"minecraft:acacia_log":12,"minecraft:tall_grass":2,"minecraft:cobblestone":1,"minecraft:wall_torch":1,"luminousworld:groundpebbles_3":2,"luminousworld:savanna_grass_2":2,"minecraft:spawner":1,"minecraft:hay_block":57,"minecraft:furnace":2,"minecraft:sea_pickle":1,"minecraft:iron_ore":3,"luminousworld:ishstone":10,"supplementaries:stick":3,"minecraft:coal_ore":20,"minecraft:vine":1,"minecraft:gravel":16,"minecraft:cobweb":13,"luminousworld:groundpebbles_2":2,"minecraft:acacia_planks":3,"minecraft:stone":26,"luminousworld:savannah_grass_4":1,"luminousworld:savannah_ground":1},"minecraft:crafted":{"luminousworld:ishbrick":8,"minecraft:emerald":1,"minecraft:crafting_table":2,"minecraft:wooden_pickaxe":1,"minecraft:hay_block":10,"minecraft:stone_axe":1,"born_in_chaos_v1:smoked_monster_flesh":1,"minecraft:air":0,"minecraft:bread":85,"minecraft:iron_chestplate":1,"minecraft:stick":12,"minecraft:iron_ingot":5,"minecraft:stone_pickaxe":1,"minecraft:stone_sword":1,"minecraft:acacia_planks":48,"minecraft:stone_hoe":1,"minecraft:wheat":369}},"DataVersion":3465}