{"stats":{"minecraft:picked_up":{"minecraft:stick":1,"minecraft:crafting_table":1,"ecologics:walnut":1,"illagerinvasion:platinum_chunk":1,"minecraft:wooden_pickaxe":1,"alexsmobs:bison_fur":2,"quark:blossom_log":13,"minecraft:carrot":3,"minecraft:dark_oak_log":4,"minecraft:dirt":5,"luminousworld:grassflowers":1,"minecraft:wheat_seeds":31,"minecraft:diamond_boots":1,"minecraft:beef":8,"minecraft:iron_ingot":1,"minecraft:emerald":2,"supplementaries:ash":1,"minecraft:cobblestone":8},"minecraft:dropped":{"supplementaries:ash":1,"luminousworld:grassflowers":1,"illagerinvasion:platinum_chunk":1,"minecraft:poisonous_potato":1,"minecraft:wooden_pickaxe":2,"minecraft:purple_dye":1},"minecraft:mined":{"minecraft:dark_oak_log":4,"minecraft:crafting_table":1,"minecraft:grass":1,"minecraft:grass_block":3,"supplementaries:stick":1,"minecraft:dirt":2,"quark:blossom_log":13,"luminousworld:grassflowers":1,"minecraft:stone":8},"minecraft:custom":{"minecraft:time_since_rest":10213,"minecraft:sprint_one_cm":76998,"minecraft:walk_one_cm":54890,"minecraft:damage_taken":221,"minecraft:mob_kills":5,"minecraft:drop":7,"tombstone:raider_killed":4,"minecraft:damage_dealt":941,"minecraft:swim_one_cm":1936,"minecraft:interact_with_crafting_table":5,"minecraft:fly_one_cm":126466,"minecraft:open_barrel":4,"minecraft:open_chest":6,"minecraft:crouch_one_cm":1635,"minecraft:play_time":23404,"minecraft:sneak_time":730,"minecraft:walk_under_water_one_cm":257,"minecraft:jump":581,"minecraft:walk_on_water_one_cm":1398,"minecraft:time_since_death":23404,"minecraft:sleep_in_bed":1,"minecraft:climb_one_cm":2988,"minecraft:total_world_time":23404,"minecraft:fall_one_cm":18646},"minecraft:crafted":{"quark:blossom_planks":4,"minecraft:crafting_table":1,"minecraft:stick":4,"minecraft:wooden_pickaxe":1,"minecraft:stone_pickaxe":1,"minecraft:stone_axe":1,"minecraft:bread":5},"minecraft:killed":{"minecraft:pillager":2,"minecraft:vindicator":2,"alexsmobs:bison":1},"minecraft:used":{"minecraft:stone_sword":16,"minecraft:diamond_boots":1,"minecraft:dark_oak_log":4,"minecraft:stone_pickaxe":1,"minecraft:bread":3,"minecraft:wooden_pickaxe":13,"minecraft:stone_axe":21,"minecraft:stick":2,"minecraft:dirt":1,"minecraft:crafting_table":1,"minecraft:carrot":10,"alexsmobs:animal_dictionary":1}},"DataVersion":3465}