{"stats":{"minecraft:picked_up":{"minecraft:stick":1,"illagerinvasion:platinum_chunk":1,"minecraft:wheat_seeds":31,"minecraft:emerald":2,"minecraft:carrot":3},"minecraft:dropped":{"minecraft:poisonous_potato":1},"minecraft:mined":{"minecraft:grass":1,"supplementaries:stick":1},"minecraft:custom":{"minecraft:open_barrel":4,"minecraft:time_since_rest":11404,"minecraft:open_chest":6,"minecraft:crouch_one_cm":753,"minecraft:play_time":11404,"minecraft:sprint_one_cm":35036,"minecraft:damage_taken":120,"minecraft:walk_one_cm":27665,"minecraft:sneak_time":191,"minecraft:walk_under_water_one_cm":163,"minecraft:mob_kills":3,"minecraft:drop":1,"minecraft:jump":204,"tombstone:raider_killed":3,"minecraft:damage_dealt":710,"minecraft:time_since_death":11404,"minecraft:walk_on_water_one_cm":135,"minecraft:total_world_time":11404,"minecraft:climb_one_cm":2988,"minecraft:swim_one_cm":458,"minecraft:fall_one_cm":4594,"minecraft:fly_one_cm":32517},"minecraft:killed":{"minecraft:vindicator":2,"minecraft:pillager":1},"minecraft:used":{"minecraft:stick":2,"minecraft:stone_sword":15,"minecraft:carrot":3,"alexsmobs:animal_dictionary":1}},"DataVersion":3465}