{"stats":{"minecraft:picked_up":{"born_in_chaos_v1:corpse_maggot":3,"minecraft:crafting_table":2,"ecologics:walnut":1,"illagerinvasion:platinum_chunk":1,"minecraft:wooden_pickaxe":1,"alexsmobs:bison_fur":2,"minecraft:chainmail_chestplate":1,"minecraft:dirt":5,"minecraft:string":1,"tombstone:gift":3,"minecraft:bone":15,"minecraft:wheat_seeds":31,"iceandfire:dread_knight_sword":3,"minecraft:iron_ingot":6,"minecraft:beef":8,"iceandfire:dread_shard":22,"minecraft:oak_planks":1,"minecraft:iron_sword":1,"minecraft:stick":1,"iceandfire:dread_sword":2,"quark:blossom_log":13,"tombstone:grave_dust":5,"minecraft:carrot":3,"minecraft:dark_oak_log":4,"minecraft:goat_horn":1,"minecraft:spider_eye":12,"minecraft:leather_helmet":1,"mowziesmobs:naga_fang":3,"minecraft:dark_oak_planks":1,"minecraft:bundle":1,"luminousworld:grassflowers":1,"minecraft:rotten_flesh":20,"minecraft:diamond_boots":1,"minecraft:golden_apple":3,"minecraft:emerald":2,"supplementaries:ash":1,"iceandfire:silver_nugget":5,"minecraft:coal":5,"undead_revamp2:arapholia":1,"minecraft:cobblestone":18},"minecraft:dropped":{"iceandfire:silver_nugget":5,"minecraft:iron_sword":1,"minecraft:crafting_table":1,"undead_revamp2:arapholia":1,"minecraft:poisonous_potato":1,"minecraft:purple_dye":1,"minecraft:leather_helmet":1,"minecraft:golden_apple":1,"mowziesmobs:naga_fang":1,"supplementaries:flax_seeds":8,"minecraft:dirt":4,"supplementaries:ash":1,"luminousworld:grassflowers":1,"illagerinvasion:platinum_chunk":1,"iceandfire:dread_sword":1,"tombstone:grave_key":1,"born_in_chaos_v1:corpse_maggot":2,"iceandfire:dread_knight_sword":1,"minecraft:slime_ball":4,"minecraft:wooden_pickaxe":2,"iceandfire:dread_shard":2,"minecraft:bone":1},"minecraft:custom":{"minecraft:interact_with_furnace":2,"minecraft:mob_kills":39,"tombstone:raider_killed":4,"minecraft:interact_with_crafting_table":13,"minecraft:open_barrel":4,"minecraft:leave_game":1,"minecraft:time_since_death":3204,"minecraft:sleep_in_bed":3,"minecraft:climb_one_cm":2988,"minecraft:time_since_rest":1436,"minecraft:damage_absorbed":78,"minecraft:damage_taken":8786,"minecraft:sprint_one_cm":224027,"minecraft:walk_one_cm":221569,"minecraft:damage_blocked_by_shield":2277,"minecraft:drop":26,"minecraft:damage_dealt":13468,"minecraft:swim_one_cm":1936,"minecraft:fly_one_cm":305134,"minecraft:open_chest":13,"minecraft:crouch_one_cm":6707,"minecraft:play_time":63858,"tombstone:undead_killed":24,"minecraft:deaths":31,"minecraft:sneak_time":2838,"minecraft:walk_under_water_one_cm":1185,"minecraft:jump":1510,"minecraft:walk_on_water_one_cm":1670,"minecraft:total_world_time":63858,"minecraft:fall_one_cm":30599},"minecraft:mined":{"minecraft:dark_oak_planks":2,"minecraft:dark_oak_log":4,"minecraft:crafting_table":2,"minecraft:grass_block":3,"quark:blossom_log":13,"iceandfire:dread_spawner":4,"luminousworld:grassflowers":1,"minecraft:cobblestone":1,"luminousworld:autumnplank":1,"minecraft:grass":1,"supplementaries:stick":1,"minecraft:coal_ore":5,"minecraft:dirt":2,"minecraft:stone":18,"iceandfire:dread_stone_bricks":1},"minecraft:killed_by":{"minecraft:player":1,"iceandfire:dread_scuttler":3,"iceandfire:dread_thrall":3,"iceandfire:dread_ghoul":9,"iceandfire:dread_knight":14},"minecraft:crafted":{"quark:blossom_planks":8,"minecraft:cooked_porkchop":3,"minecraft:crafting_table":1,"minecraft:wooden_pickaxe":1,"minecraft:furnace":1,"minecraft:stone_axe":1,"minecraft:bread":5,"minecraft:shield":1,"minecraft:stick":4,"minecraft:stone_pickaxe":1,"minecraft:dark_oak_planks":16},"minecraft:killed":{"minecraft:vindicator":2,"minecraft:pillager":2,"iceandfire:dread_knight":6,"iceandfire:dread_thrall":13,"alexsmobs:bison":1,"iceandfire:dread_ghoul":5,"iceandfire:dread_scuttler":9,"mowziesmobs:naga":1},"minecraft:broken":{"minecraft:chainmail_chestplate":1,"minecraft:stone_sword":1,"minecraft:iron_helmet":1,"iceandfire:dread_sword":1},"minecraft:used":{"quark:blossom_log":11,"minecraft:diamond_boots":1,"minecraft:stone_sword":131,"minecraft:stone_pickaxe":26,"minecraft:oak_planks":1,"minecraft:wooden_pickaxe":13,"minecraft:spruce_planks":1,"minecraft:shield":33,"minecraft:iron_sword":110,"iceandfire:dread_knight_sword":50,"minecraft:stick":2,"minecraft:golden_apple":2,"minecraft:dirt":1,"minecraft:crafting_table":2,"minecraft:carrot":21,"minecraft:crossbow":6,"minecraft:dark_oak_planks":14,"minecraft:dark_oak_log":4,"minecraft:bread":5,"iceandfire:dread_sword":1,"minecraft:iron_helmet":1,"minecraft:leather_helmet":1,"minecraft:stone_axe":35,"minecraft:cobblestone":2,"minecraft:cooked_porkchop":2,"minecraft:furnace":1,"quark:blossom_planks":4,"tombstone:gift":1,"alexsmobs:animal_dictionary":1}},"DataVersion":3465}