{"stats":{"minecraft:picked_up":{"minecraft:crafting_table":2,"ecologics:walnut":1,"illagerinvasion:platinum_chunk":1,"minecraft:wooden_pickaxe":1,"alexsmobs:bison_fur":2,"minecraft:chainmail_chestplate":1,"minecraft:dirt":5,"minecraft:string":1,"minecraft:wheat_seeds":31,"minecraft:iron_ingot":2,"minecraft:beef":8,"minecraft:stick":1,"quark:blossom_log":13,"minecraft:carrot":3,"minecraft:dark_oak_log":4,"minecraft:spider_eye":4,"luminousworld:grassflowers":1,"minecraft:rotten_flesh":2,"minecraft:diamond_boots":1,"minecraft:golden_apple":3,"minecraft:emerald":2,"supplementaries:ash":1,"iceandfire:silver_nugget":5,"minecraft:coal":5,"undead_revamp2:arapholia":1,"minecraft:cobblestone":8},"minecraft:dropped":{"iceandfire:silver_nugget":1,"minecraft:crafting_table":1,"undead_revamp2:arapholia":1,"minecraft:poisonous_potato":1,"minecraft:purple_dye":1,"minecraft:golden_apple":1,"supplementaries:ash":1,"luminousworld:grassflowers":1,"illagerinvasion:platinum_chunk":1,"minecraft:wooden_pickaxe":2},"minecraft:mined":{"minecraft:dark_oak_log":4,"minecraft:crafting_table":2,"minecraft:grass_block":3,"quark:blossom_log":13,"iceandfire:dread_spawner":1,"luminousworld:grassflowers":1,"minecraft:grass":1,"supplementaries:stick":1,"minecraft:coal_ore":5,"minecraft:dirt":2,"minecraft:stone":8,"iceandfire:dread_stone_bricks":1},"minecraft:custom":{"minecraft:mob_kills":14,"tombstone:raider_killed":4,"minecraft:interact_with_crafting_table":11,"minecraft:open_barrel":4,"minecraft:time_since_death":431,"minecraft:sleep_in_bed":2,"minecraft:climb_one_cm":2988,"minecraft:time_since_rest":187,"minecraft:damage_absorbed":78,"minecraft:damage_taken":1476,"minecraft:sprint_one_cm":112214,"minecraft:walk_one_cm":115963,"minecraft:damage_blocked_by_shield":20,"minecraft:drop":11,"minecraft:damage_dealt":4496,"minecraft:swim_one_cm":1936,"minecraft:fly_one_cm":187994,"minecraft:open_chest":7,"minecraft:crouch_one_cm":3242,"minecraft:play_time":35404,"tombstone:undead_killed":1,"minecraft:deaths":3,"minecraft:sneak_time":1327,"minecraft:walk_under_water_one_cm":257,"minecraft:jump":861,"minecraft:walk_on_water_one_cm":1482,"minecraft:total_world_time":35404,"minecraft:fall_one_cm":22806},"minecraft:killed_by":{"iceandfire:dread_scuttler":2},"minecraft:crafted":{"quark:blossom_planks":4,"minecraft:crafting_table":1,"minecraft:wooden_pickaxe":1,"minecraft:stone_axe":1,"minecraft:bread":5,"minecraft:shield":1,"minecraft:stick":4,"minecraft:stone_pickaxe":1,"minecraft:dark_oak_planks":16},"minecraft:killed":{"minecraft:vindicator":2,"minecraft:pillager":2,"alexsmobs:bison":1,"iceandfire:dread_ghoul":1,"iceandfire:dread_scuttler":8},"minecraft:broken":{"minecraft:chainmail_chestplate":1},"minecraft:used":{"minecraft:diamond_boots":1,"minecraft:stone_sword":89,"minecraft:stone_pickaxe":8,"minecraft:wooden_pickaxe":13,"minecraft:spruce_planks":1,"minecraft:shield":1,"minecraft:stick":2,"minecraft:golden_apple":2,"minecraft:dirt":1,"minecraft:crafting_table":2,"minecraft:carrot":18,"minecraft:crossbow":3,"minecraft:dark_oak_log":4,"minecraft:bread":5,"minecraft:stone_axe":22,"alexsmobs:animal_dictionary":1}},"DataVersion":3465}